ID,Name,Description,Media_Type,Download_URL,Path_In_Zip
NHS2-FSD4,NHS2-FSD4,,audio/mpeg,songs/NHS2-FSD4.mp3,
NHS2-TBMU,NHS2-TBMU,,audio/mpeg,songs/NHS2-TBMU.mp3,
NHS2-KK34,NHS2-KK34,,audio/mpeg,songs/NHS2-KK34.mp3,
NHS2-NLXG,NHS2-NLXG,,audio/mpeg,songs/NHS2-NLXG.mp3,
NHS2-2PAA,NHS2-2PAA,,audio/mpeg,songs/NHS2-2PAA.mp3,
NHS2-AGW9,NHS2-AGW9,,audio/mpeg,songs/NHS2-AGW9.mp3,
NHS2-U0D9,NHS2-U0D9,,audio/mpeg,songs/NHS2-U0D9.mp3,
NHS2-Z8E6,NHS2-Z8E6,,audio/mpeg,songs/NHS2-Z8E6.mp3,
NHS2-M2XD,NHS2-M2XD,,audio/mpeg,songs/NHS2-M2XD.mp3,
NHS2-6HQM,NHS2-6HQM,,audio/mpeg,songs/NHS2-6HQM.mp3,
NHS2-8K9B,NHS2-8K9B,,audio/mpeg,songs/NHS2-8K9B.mp3,
NHS2-VRBB,NHS2-VRBB,,audio/mpeg,songs/NHS2-VRBB.mp3,
NHS2-P594,NHS2-P594,,audio/mpeg,songs/NHS2-P594.mp3,
NHS2-79G9,NHS2-79G9,,audio/mpeg,songs/NHS2-79G9.mp3,
NHS2-5H86,NHS2-5H86,,audio/mpeg,songs/NHS2-5H86.mp3,
NHS2-KTO4,NHS2-KTO4,,audio/mpeg,songs/NHS2-KTO4.mp3,
NHS2-4RBL,NHS2-4RBL,,audio/mpeg,songs/NHS2-4RBL.mp3,
NHS2-9YBX,NHS2-9YBX,,audio/mpeg,songs/NHS2-9YBX.mp3,
NHS2-Y649,NHS2-Y649,,audio/mpeg,songs/NHS2-Y649.mp3,
NHS2-XRSS,NHS2-XRSS,,audio/mpeg,songs/NHS2-XRSS.mp3,
NHS2-B0QQ,NHS2-B0QQ,,audio/mpeg,songs/NHS2-B0QQ.mp3,
NHS2-NFZO,NHS2-NFZO,,audio/mpeg,songs/NHS2-NFZO.mp3,
NHS2-8MOZ,NHS2-8MOZ,,audio/mpeg,songs/NHS2-8MOZ.mp3,
NHS2-EG2U,NHS2-EG2U,,audio/mpeg,songs/NHS2-EG2U.mp3,
NHS2-Z7UP,NHS2-Z7UP,,audio/mpeg,songs/NHS2-Z7UP.mp3,
NHS2-5M11,NHS2-5M11,,audio/mpeg,songs/NHS2-5M11.mp3,
NHS2-FNOC,NHS2-FNOC,,audio/mpeg,songs/NHS2-FNOC.mp3,
NHS2-VN77,NHS2-VN77,,audio/mpeg,songs/NHS2-VN77.mp3,
NHS2-C07W,NHS2-C07W,,audio/mpeg,songs/NHS2-C07W.mp3,
NHS2-HFUR,NHS2-HFUR,,audio/mpeg,songs/NHS2-HFUR.mp3,
NHS2-R4T4,NHS2-R4T4,,audio/mpeg,songs/NHS2-R4T4.mp3,
NHS2-X9CV,NHS2-X9CV,,audio/mpeg,songs/NHS2-X9CV.mp3,
NHS2-D3XG,NHS2-D3XG,,audio/mpeg,songs/NHS2-D3XG.mp3,
NHS2-1JW6,NHS2-1JW6,,audio/mpeg,songs/NHS2-1JW6.mp3,
NHS2-3LQ4,NHS2-3LQ4,,audio/mpeg,songs/NHS2-3LQ4.mp3,
NHS2-ERLW,NHS2-ERLW,,audio/mpeg,songs/NHS2-ERLW.mp3,
NHS2-IX9E,NHS2-IX9E,,audio/mpeg,songs/NHS2-IX9E.mp3,
NHS2-F1GZ,NHS2-F1GZ,,audio/mpeg,songs/NHS2-F1GZ.mp3,
NHS2-S2B4,NHS2-S2B4,,audio/mpeg,songs/NHS2-S2B4.mp3,
NHS2-1IVN,NHS2-1IVN,,audio/mpeg,songs/NHS2-1IVN.mp3,
NHS2-XHF3,NHS2-XHF3,,audio/mpeg,songs/NHS2-XHF3.mp3,
NHS2-4KP9,NHS2-4KP9,,audio/mpeg,songs/NHS2-4KP9.mp3,
NHS2-UOFC,NHS2-UOFC,,audio/mpeg,songs/NHS2-UOFC.mp3,
NHS2-MKSQ,NHS2-MKSQ,,audio/mpeg,songs/NHS2-MKSQ.mp3,
NHS2-WJTO,NHS2-WJTO,,audio/mpeg,songs/NHS2-WJTO.mp3,
NHS2-6N1B,NHS2-6N1B,,audio/mpeg,songs/NHS2-6N1B.mp3,
NHS2-LXQB,NHS2-LXQB,,audio/mpeg,songs/NHS2-LXQB.mp3,
NHS2-GOPJ,NHS2-GOPJ,,audio/mpeg,songs/NHS2-GOPJ.mp3,
NHS2-5T4A,NHS2-5T4A,,audio/mpeg,songs/NHS2-5T4A.mp3,
NHS2-DG59,NHS2-DG59,,audio/mpeg,songs/NHS2-DG59.mp3,
NHS2-6NUZ,NHS2-6NUZ,,audio/mpeg,songs/NHS2-6NUZ.mp3,
NHS2-ERSV,NHS2-ERSV,,audio/mpeg,songs/NHS2-ERSV.mp3,
NHS2-LEX9,NHS2-LEX9,,audio/mpeg,songs/NHS2-LEX9.mp3,
NHS2-LKVC,NHS2-LKVC,,audio/mpeg,songs/NHS2-LKVC.mp3,
NHS2-JZTN,NHS2-JZTN,,audio/mpeg,songs/NHS2-JZTN.mp3,
NHS2-I3W7,NHS2-I3W7,,audio/mpeg,songs/NHS2-I3W7.mp3,
NHS2-I88T,NHS2-I88T,,audio/mpeg,songs/NHS2-I88T.mp3,
NHS2-JWTI,NHS2-JWTI,,audio/mpeg,songs/NHS2-JWTI.mp3,
NHS2-HBHZ,NHS2-HBHZ,,audio/mpeg,songs/NHS2-HBHZ.mp3,
NHS2-S814,NHS2-S814,,audio/mpeg,songs/NHS2-S814.mp3,
NHS2-O4JO,NHS2-O4JO,,audio/mpeg,songs/NHS2-O4JO.mp3,
NHS2-6ZL9,NHS2-6ZL9,,audio/mpeg,songs/NHS2-6ZL9.mp3,
NHS2-733A,NHS2-733A,,audio/mpeg,songs/NHS2-733A.mp3,
NHS2-E2SX,NHS2-E2SX,,audio/mpeg,songs/NHS2-E2SX.mp3,
NHS2-TBBB,NHS2-TBBB,,audio/mpeg,songs/NHS2-TBBB.mp3,
NHS2-J2V9,NHS2-J2V9,,audio/mpeg,songs/NHS2-J2V9.mp3,
NHS2-YLV9,NHS2-YLV9,,audio/mpeg,songs/NHS2-YLV9.mp3,
NHS2-MF7G,NHS2-MF7G,,audio/mpeg,songs/NHS2-MF7G.mp3,
NHS2-WGYL,NHS2-WGYL,,audio/mpeg,songs/NHS2-WGYL.mp3,
NHS2-XQVH,NHS2-XQVH,,audio/mpeg,songs/NHS2-XQVH.mp3,
NHS2-6VND,NHS2-6VND,,audio/mpeg,songs/NHS2-6VND.mp3,
NHS2-XP8A,NHS2-XP8A,,audio/mpeg,songs/NHS2-XP8A.mp3,
NHS2-CVSK,NHS2-CVSK,,audio/mpeg,songs/NHS2-CVSK.mp3,
NHS2-VMFK,NHS2-VMFK,,audio/mpeg,songs/NHS2-VMFK.mp3,
NHS2-AGU1,NHS2-AGU1,,audio/mpeg,songs/NHS2-AGU1.mp3,
NHS2-ZMI9,NHS2-ZMI9,,audio/mpeg,songs/NHS2-ZMI9.mp3,
NHS2-330H,NHS2-330H,,audio/mpeg,songs/NHS2-330H.mp3,
NHS2-1MOO,NHS2-1MOO,,audio/mpeg,songs/NHS2-1MOO.mp3,
NHS2-XMW2,NHS2-XMW2,,audio/mpeg,songs/NHS2-XMW2.mp3,
NHS2-DMS2,NHS2-DMS2,,audio/mpeg,songs/NHS2-DMS2.mp3,
NHS2-YYR4,NHS2-YYR4,,audio/mpeg,songs/NHS2-YYR4.mp3,
NHS2-DYV5,NHS2-DYV5,,audio/mpeg,songs/NHS2-DYV5.mp3,
NHS2-IED2,NHS2-IED2,,audio/mpeg,songs/NHS2-IED2.mp3,
NHS2-C2VY,NHS2-C2VY,,audio/mpeg,songs/NHS2-C2VY.mp3,
NHS2-2FZK,NHS2-2FZK,,audio/mpeg,songs/NHS2-2FZK.mp3,
NHS2-340R,NHS2-340R,,audio/mpeg,songs/NHS2-340R.mp3,
NHS2-IMHK,NHS2-IMHK,,audio/mpeg,songs/NHS2-IMHK.mp3,
NHS2-P42P,NHS2-P42P,,audio/mpeg,songs/NHS2-P42P.mp3,
NHS2-HT2F,NHS2-HT2F,,audio/mpeg,songs/NHS2-HT2F.mp3,
NHS2-8IBT,NHS2-8IBT,,audio/mpeg,songs/NHS2-8IBT.mp3,
NHS2-3SLN,NHS2-3SLN,,audio/mpeg,songs/NHS2-3SLN.mp3,
NHS2-MOYD,NHS2-MOYD,,audio/mpeg,songs/NHS2-MOYD.mp3,
NHS2-0R25,NHS2-0R25,,audio/mpeg,songs/NHS2-0R25.mp3,
NHS2-11ZR,NHS2-11ZR,,audio/mpeg,songs/NHS2-11ZR.mp3,
NHS2-6HA2,NHS2-6HA2,,audio/mpeg,songs/NHS2-6HA2.mp3,
NHS2-CG2V,NHS2-CG2V,,audio/mpeg,songs/NHS2-CG2V.mp3,
NHS2-5WIE,NHS2-5WIE,,audio/mpeg,songs/NHS2-5WIE.mp3,
NHS2-JIPH,NHS2-JIPH,,audio/mpeg,songs/NHS2-JIPH.mp3,
NHS2-JLQ7,NHS2-JLQ7,,audio/mpeg,songs/NHS2-JLQ7.mp3,
NHS2-T05D,NHS2-T05D,,audio/mpeg,songs/NHS2-T05D.mp3,
NHS2-M2W6,NHS2-M2W6,,audio/mpeg,songs/NHS2-M2W6.mp3,
NHS2-NS9J,NHS2-NS9J,,audio/mpeg,songs/NHS2-NS9J.mp3,
NHS2-5NN8,NHS2-5NN8,,audio/mpeg,songs/NHS2-5NN8.mp3,
NHS2-RVXZ,NHS2-RVXZ,,audio/mpeg,songs/NHS2-RVXZ.mp3,
NHS2-BK1J,NHS2-BK1J,,audio/mpeg,songs/NHS2-BK1J.mp3,
NHS2-P3GF,NHS2-P3GF,,audio/mpeg,songs/NHS2-P3GF.mp3,
NHS2-NSJK,NHS2-NSJK,,audio/mpeg,songs/NHS2-NSJK.mp3,
NHS2-CDWZ,NHS2-CDWZ,,audio/mpeg,songs/NHS2-CDWZ.mp3,
NHS2-EMO1,NHS2-EMO1,,audio/mpeg,songs/NHS2-EMO1.mp3,
NHS2-CS8N,NHS2-CS8N,,audio/mpeg,songs/NHS2-CS8N.mp3,
NHS2-4MJ7,NHS2-4MJ7,,audio/mpeg,songs/NHS2-4MJ7.mp3,
NHS2-U21V,NHS2-U21V,,audio/mpeg,songs/NHS2-U21V.mp3,
NHS2-0DSZ,NHS2-0DSZ,,audio/mpeg,songs/NHS2-0DSZ.mp3,
NHS2-6LBX,NHS2-6LBX,,audio/mpeg,songs/NHS2-6LBX.mp3,
NHS2-985K,NHS2-985K,,audio/mpeg,songs/NHS2-985K.mp3,
NHS2-SN80,NHS2-SN80,,audio/mpeg,songs/NHS2-SN80.mp3,
NHS2-V3JT,NHS2-V3JT,,audio/mpeg,songs/NHS2-V3JT.mp3,
NHS2-X9YD,NHS2-X9YD,,audio/mpeg,songs/NHS2-X9YD.mp3,
NHS2-YRRB,NHS2-YRRB,,audio/mpeg,songs/NHS2-YRRB.mp3,
NHS2-T8GK,NHS2-T8GK,,audio/mpeg,songs/NHS2-T8GK.mp3,
NHS2-EAKC,NHS2-EAKC,,audio/mpeg,songs/NHS2-EAKC.mp3,
NHS2-V8Y5,NHS2-V8Y5,,audio/mpeg,songs/NHS2-V8Y5.mp3,
NHS2-OXV1,NHS2-OXV1,,audio/mpeg,songs/NHS2-OXV1.mp3,
NHS2-VBEZ,NHS2-VBEZ,,audio/mpeg,songs/NHS2-VBEZ.mp3,
NHS2-0459,NHS2-0459,,audio/mpeg,songs/NHS2-0459.mp3,
NHS2-O8Q2,NHS2-O8Q2,,audio/mpeg,songs/NHS2-O8Q2.mp3,
NHS2-A6ZN,NHS2-A6ZN,,audio/mpeg,songs/NHS2-A6ZN.mp3,
NHS2-JRIA,NHS2-JRIA,,audio/mpeg,songs/NHS2-JRIA.mp3,
NHS2-42H9,NHS2-42H9,,audio/mpeg,songs/NHS2-42H9.mp3,
NHS2-0878,NHS2-0878,,audio/mpeg,songs/NHS2-0878.mp3,
NHS2-B9PR,NHS2-B9PR,,audio/mpeg,songs/NHS2-B9PR.mp3,
NHS2-LQB9,NHS2-LQB9,,audio/mpeg,songs/NHS2-LQB9.mp3,
NHS2-XJ7U,NHS2-XJ7U,,audio/mpeg,songs/NHS2-XJ7U.mp3,
NHS2-ZGKC,NHS2-ZGKC,,audio/mpeg,songs/NHS2-ZGKC.mp3,
NHS2-J6LT,NHS2-J6LT,,audio/mpeg,songs/NHS2-J6LT.mp3,
NHS2-IPF3,NHS2-IPF3,,audio/mpeg,songs/NHS2-IPF3.mp3,
NHS2-S7VB,NHS2-S7VB,,audio/mpeg,songs/NHS2-S7VB.mp3,
NHS2-AQU5,NHS2-AQU5,,audio/mpeg,songs/NHS2-AQU5.mp3,
NHS2-UGUF,NHS2-UGUF,,audio/mpeg,songs/NHS2-UGUF.mp3,
NHS2-KTHL,NHS2-KTHL,,audio/mpeg,songs/NHS2-KTHL.mp3,
NHS2-BU0J,NHS2-BU0J,,audio/mpeg,songs/NHS2-BU0J.mp3,
NHS2-U13X,NHS2-U13X,,audio/mpeg,songs/NHS2-U13X.mp3,
NHS2-9K3U,NHS2-9K3U,,audio/mpeg,songs/NHS2-9K3U.mp3,
NHS2-979H,NHS2-979H,,audio/mpeg,songs/NHS2-979H.mp3,
NHS2-2BQL,NHS2-2BQL,,audio/mpeg,songs/NHS2-2BQL.mp3,
NHS2-MQJA,NHS2-MQJA,,audio/mpeg,songs/NHS2-MQJA.mp3,
NHS2-KEAW,NHS2-KEAW,,audio/mpeg,songs/NHS2-KEAW.mp3,
NHS2-8HH5,NHS2-8HH5,,audio/mpeg,songs/NHS2-8HH5.mp3,
NHS2-V8VZ,NHS2-V8VZ,,audio/mpeg,songs/NHS2-V8VZ.mp3,
NHS2-O9IK,NHS2-O9IK,,audio/mpeg,songs/NHS2-O9IK.mp3,
NHS2-SXIG,NHS2-SXIG,,audio/mpeg,songs/NHS2-SXIG.mp3,
NHS2-6U9V,NHS2-6U9V,,audio/mpeg,songs/NHS2-6U9V.mp3,
NHS2-405L,NHS2-405L,,audio/mpeg,songs/NHS2-405L.mp3,
NHS2-TKZU,NHS2-TKZU,,audio/mpeg,songs/NHS2-TKZU.mp3,
NHS2-QU3B,NHS2-QU3B,,audio/mpeg,songs/NHS2-QU3B.mp3,
NHS2-6C8Y,NHS2-6C8Y,,audio/mpeg,songs/NHS2-6C8Y.mp3,
NHS2-CV77,NHS2-CV77,,audio/mpeg,songs/NHS2-CV77.mp3,
NHS2-YCNL,NHS2-YCNL,,audio/mpeg,songs/NHS2-YCNL.mp3,
NHS2-EPF6,NHS2-EPF6,,audio/mpeg,songs/NHS2-EPF6.mp3,
NHS2-MY33,NHS2-MY33,,audio/mpeg,songs/NHS2-MY33.mp3,
NHS2-74S4,NHS2-74S4,,audio/mpeg,songs/NHS2-74S4.mp3,
NHS2-7A2U,NHS2-7A2U,,audio/mpeg,songs/NHS2-7A2U.mp3,
NHS2-XYGX,NHS2-XYGX,,audio/mpeg,songs/NHS2-XYGX.mp3,
NHS2-LFIO,NHS2-LFIO,,audio/mpeg,songs/NHS2-LFIO.mp3,
NHS2-FIKU,NHS2-FIKU,,audio/mpeg,songs/NHS2-FIKU.mp3,
NHS2-46KG,NHS2-46KG,,audio/mpeg,songs/NHS2-46KG.mp3,
NHS2-BX30,NHS2-BX30,,audio/mpeg,songs/NHS2-BX30.mp3,
NHS2-R09B,NHS2-R09B,,audio/mpeg,songs/NHS2-R09B.mp3,
NHS2-A55H,NHS2-A55H,,audio/mpeg,songs/NHS2-A55H.mp3,
NHS2-OEHE,NHS2-OEHE,,audio/mpeg,songs/NHS2-OEHE.mp3,
NHS2-1BVB,NHS2-1BVB,,audio/mpeg,songs/NHS2-1BVB.mp3,
NHS2-6W0X,NHS2-6W0X,,audio/mpeg,songs/NHS2-6W0X.mp3,
NHS2-J76G,NHS2-J76G,,audio/mpeg,songs/NHS2-J76G.mp3,
NHS2-UPEJ,NHS2-UPEJ,,audio/mpeg,songs/NHS2-UPEJ.mp3,
NHS2-EOAH,NHS2-EOAH,,audio/mpeg,songs/NHS2-EOAH.mp3,
NHS2-08KZ,NHS2-08KZ,,audio/mpeg,songs/NHS2-08KZ.mp3,
NHS2-1K35,NHS2-1K35,,audio/mpeg,songs/NHS2-1K35.mp3,
NHS2-LFJR,NHS2-LFJR,,audio/mpeg,songs/NHS2-LFJR.mp3,
NHS2-ZAHV,NHS2-ZAHV,,audio/mpeg,songs/NHS2-ZAHV.mp3,
NHS2-EOJ6,NHS2-EOJ6,,audio/mpeg,songs/NHS2-EOJ6.mp3,
NHS2-KG5I,NHS2-KG5I,,audio/mpeg,songs/NHS2-KG5I.mp3,
NHS2-OAVX,NHS2-OAVX,,audio/mpeg,songs/NHS2-OAVX.mp3,
NHS2-QNJC,NHS2-QNJC,,audio/mpeg,songs/NHS2-QNJC.mp3,
NHS2-R21G,NHS2-R21G,,audio/mpeg,songs/NHS2-R21G.mp3,
NHS2-RHJB,NHS2-RHJB,,audio/mpeg,songs/NHS2-RHJB.mp3,
NHS2-SJTH,NHS2-SJTH,,audio/mpeg,songs/NHS2-SJTH.mp3,
NHS2-K5DQ,NHS2-K5DQ,,audio/mpeg,songs/NHS2-K5DQ.mp3,
NHS2-OAN3,NHS2-OAN3,,audio/mpeg,songs/NHS2-OAN3.mp3,
NHS2-XOBH,NHS2-XOBH,,audio/mpeg,songs/NHS2-XOBH.mp3,
NHS2-HDX7,NHS2-HDX7,,audio/mpeg,songs/NHS2-HDX7.mp3,
NHS2-WBOH,NHS2-WBOH,,audio/mpeg,songs/NHS2-WBOH.mp3,
NHS2-DAQN,NHS2-DAQN,,audio/mpeg,songs/NHS2-DAQN.mp3,
NHS2-V02B,NHS2-V02B,,audio/mpeg,songs/NHS2-V02B.mp3,
NHS2-WX18,NHS2-WX18,,audio/mpeg,songs/NHS2-WX18.mp3,
NHS2-ZRGY,NHS2-ZRGY,,audio/mpeg,songs/NHS2-ZRGY.mp3,
NHS2-GSNT,NHS2-GSNT,,audio/mpeg,songs/NHS2-GSNT.mp3,
NHS2-J94J,NHS2-J94J,,audio/mpeg,songs/NHS2-J94J.mp3,
NHS2-UYWH,NHS2-UYWH,,audio/mpeg,songs/NHS2-UYWH.mp3,
NHS2-RH4A,NHS2-RH4A,,audio/mpeg,songs/NHS2-RH4A.mp3,
NHS2-966Z,NHS2-966Z,,audio/mpeg,songs/NHS2-966Z.mp3,
NHS2-HO68,NHS2-HO68,,audio/mpeg,songs/NHS2-HO68.mp3,
NHS2-W3SC,NHS2-W3SC,,audio/mpeg,songs/NHS2-W3SC.mp3,
NHS2-61T0,NHS2-61T0,,audio/mpeg,songs/NHS2-61T0.mp3,
NHS2-T4JD,NHS2-T4JD,,audio/mpeg,songs/NHS2-T4JD.mp3,
NHS2-WKJ6,NHS2-WKJ6,,audio/mpeg,songs/NHS2-WKJ6.mp3,
NHS2-3T3T,NHS2-3T3T,,audio/mpeg,songs/NHS2-3T3T.mp3,
NHS2-4NOR,NHS2-4NOR,,audio/mpeg,songs/NHS2-4NOR.mp3,
NHS2-QAHO,NHS2-QAHO,,audio/mpeg,songs/NHS2-QAHO.mp3,
NHS2-T8UF,NHS2-T8UF,,audio/mpeg,songs/NHS2-T8UF.mp3,
NHS2-NGPL,NHS2-NGPL,,audio/mpeg,songs/NHS2-NGPL.mp3,
NHS2-UDIY,NHS2-UDIY,,audio/mpeg,songs/NHS2-UDIY.mp3,
NHS2-VBO3,NHS2-VBO3,,audio/mpeg,songs/NHS2-VBO3.mp3,
NHS2-AIGL,NHS2-AIGL,,audio/mpeg,songs/NHS2-AIGL.mp3,
NHS2-LFHL,NHS2-LFHL,,audio/mpeg,songs/NHS2-LFHL.mp3,
NHS2-INOD,NHS2-INOD,,audio/mpeg,songs/NHS2-INOD.mp3,
NHS2-SZHN,NHS2-SZHN,,audio/mpeg,songs/NHS2-SZHN.mp3,
NHS2-NIM5,NHS2-NIM5,,audio/mpeg,songs/NHS2-NIM5.mp3,
NHS2-GXXC,NHS2-GXXC,,audio/mpeg,songs/NHS2-GXXC.mp3,
NHS2-O5RD,NHS2-O5RD,,audio/mpeg,songs/NHS2-O5RD.mp3,
NHS2-131U,NHS2-131U,,audio/mpeg,songs/NHS2-131U.mp3,
NHS2-LO2V,NHS2-LO2V,,audio/mpeg,songs/NHS2-LO2V.mp3,
NHS2-YTTL,NHS2-YTTL,,audio/mpeg,songs/NHS2-YTTL.mp3,
NHS2-13WN,NHS2-13WN,,audio/mpeg,songs/NHS2-13WN.mp3,
NHS2-9EQ3,NHS2-9EQ3,,audio/mpeg,songs/NHS2-9EQ3.mp3,
NHS2-GYY9,NHS2-GYY9,,audio/mpeg,songs/NHS2-GYY9.mp3,
NHS2-AHRQ,NHS2-AHRQ,,audio/mpeg,songs/NHS2-AHRQ.mp3,
NHS2-L4ES,NHS2-L4ES,,audio/mpeg,songs/NHS2-L4ES.mp3,
NHS2-7LJJ,NHS2-7LJJ,,audio/mpeg,songs/NHS2-7LJJ.mp3,
NHS2-O4O6,NHS2-O4O6,,audio/mpeg,songs/NHS2-O4O6.mp3,
NHS2-7O44,NHS2-7O44,,audio/mpeg,songs/NHS2-7O44.mp3,
NHS2-UVHG,NHS2-UVHG,,audio/mpeg,songs/NHS2-UVHG.mp3,
NHS2-D9WG,NHS2-D9WG,,audio/mpeg,songs/NHS2-D9WG.mp3,
NHS2-G0G2,NHS2-G0G2,,audio/mpeg,songs/NHS2-G0G2.mp3,
NHS2-DN12,NHS2-DN12,,audio/mpeg,songs/NHS2-DN12.mp3,
NHS2-53YA,NHS2-53YA,,audio/mpeg,songs/NHS2-53YA.mp3,
NHS2-84QJ,NHS2-84QJ,,audio/mpeg,songs/NHS2-84QJ.mp3,
NHS2-BMTG,NHS2-BMTG,,audio/mpeg,songs/NHS2-BMTG.mp3,
NHS2-FAYF,NHS2-FAYF,,audio/mpeg,songs/NHS2-FAYF.mp3,
NHS2-GN0J,NHS2-GN0J,,audio/mpeg,songs/NHS2-GN0J.mp3,
NHS2-IPI1,NHS2-IPI1,,audio/mpeg,songs/NHS2-IPI1.mp3,
NHS2-8OCR,NHS2-8OCR,,audio/mpeg,songs/NHS2-8OCR.mp3,
NHS2-L9T3,NHS2-L9T3,,audio/mpeg,songs/NHS2-L9T3.mp3,
NHS2-FOJU,NHS2-FOJU,,audio/mpeg,songs/NHS2-FOJU.mp3,
NHS2-49MA,NHS2-49MA,,audio/mpeg,songs/NHS2-49MA.mp3,
NHS2-ISYT,NHS2-ISYT,,audio/mpeg,songs/NHS2-ISYT.mp3,
NHS2-ULTX,NHS2-ULTX,,audio/mpeg,songs/NHS2-ULTX.mp3,
NHS2-ZX7S,NHS2-ZX7S,,audio/mpeg,songs/NHS2-ZX7S.mp3,
NHS2-8CML,NHS2-8CML,,audio/mpeg,songs/NHS2-8CML.mp3,
NHS2-9MP5,NHS2-9MP5,,audio/mpeg,songs/NHS2-9MP5.mp3,
NHS2-P5OG,NHS2-P5OG,,audio/mpeg,songs/NHS2-P5OG.mp3,
NHS2-D4UW,NHS2-D4UW,,audio/mpeg,songs/NHS2-D4UW.mp3,
NHS2-0NEA,NHS2-0NEA,,audio/mpeg,songs/NHS2-0NEA.mp3,
NHS2-DNKN,NHS2-DNKN,,audio/mpeg,songs/NHS2-DNKN.mp3,
NHS2-8RLI,NHS2-8RLI,,audio/mpeg,songs/NHS2-8RLI.mp3,
NHS2-3NY3,NHS2-3NY3,,audio/mpeg,songs/NHS2-3NY3.mp3,
NHS2-5AW1,NHS2-5AW1,,audio/mpeg,songs/NHS2-5AW1.mp3,
NHS2-S1ZI,NHS2-S1ZI,,audio/mpeg,songs/NHS2-S1ZI.mp3,
NHS2-5FGZ,NHS2-5FGZ,,audio/mpeg,songs/NHS2-5FGZ.mp3,
NHS2-765L,NHS2-765L,,audio/mpeg,songs/NHS2-765L.mp3,
NHS2-YDIO,NHS2-YDIO,,audio/mpeg,songs/NHS2-YDIO.mp3,
NHS2-CQH0,NHS2-CQH0,,audio/mpeg,songs/NHS2-CQH0.mp3,
NHS2-R2MC,NHS2-R2MC,,audio/mpeg,songs/NHS2-R2MC.mp3,
NHS2-GN1C,NHS2-GN1C,,audio/mpeg,songs/NHS2-GN1C.mp3,
NHS2-XBJ8,NHS2-XBJ8,,audio/mpeg,songs/NHS2-XBJ8.mp3,
NHS2-L75M,NHS2-L75M,,audio/mpeg,songs/NHS2-L75M.mp3,
NHS2-BLMM,NHS2-BLMM,,audio/mpeg,songs/NHS2-BLMM.mp3,
NHS2-XZS0,NHS2-XZS0,,audio/mpeg,songs/NHS2-XZS0.mp3,
NHS2-AMSU,NHS2-AMSU,,audio/mpeg,songs/NHS2-AMSU.mp3,
NHS2-ELP3,NHS2-ELP3,,audio/mpeg,songs/NHS2-ELP3.mp3,
NHS2-FUAL,NHS2-FUAL,,audio/mpeg,songs/NHS2-FUAL.mp3,
NHS2-484H,NHS2-484H,,audio/mpeg,songs/NHS2-484H.mp3,
NHS2-MV8X,NHS2-MV8X,,audio/mpeg,songs/NHS2-MV8X.mp3,
NHS2-8LLJ,NHS2-8LLJ,,audio/mpeg,songs/NHS2-8LLJ.mp3,
NHS2-G9MC,NHS2-G9MC,,audio/mpeg,songs/NHS2-G9MC.mp3,
NHS2-SLI8,NHS2-SLI8,,audio/mpeg,songs/NHS2-SLI8.mp3,
NHS2-R3J7,NHS2-R3J7,,audio/mpeg,songs/NHS2-R3J7.mp3,
NHS2-PLYB,NHS2-PLYB,,audio/mpeg,songs/NHS2-PLYB.mp3,
NHS2-9GA2,NHS2-9GA2,,audio/mpeg,songs/NHS2-9GA2.mp3,
NHS2-EXN7,NHS2-EXN7,,audio/mpeg,songs/NHS2-EXN7.mp3,
NHS2-PS37,NHS2-PS37,,audio/mpeg,songs/NHS2-PS37.mp3,
NHS2-AQF0,NHS2-AQF0,,audio/mpeg,songs/NHS2-AQF0.mp3,
NHS2-ZP5P,NHS2-ZP5P,,audio/mpeg,songs/NHS2-ZP5P.mp3,
NHS2-19VX,NHS2-19VX,,audio/mpeg,songs/NHS2-19VX.mp3,
NHS2-6CUN,NHS2-6CUN,,audio/mpeg,songs/NHS2-6CUN.mp3,
NHS2-YWOB,NHS2-YWOB,,audio/mpeg,songs/NHS2-YWOB.mp3,
NHS2-4EAD,NHS2-4EAD,,audio/mpeg,songs/NHS2-4EAD.mp3,
NHS2-E5T5,NHS2-E5T5,,audio/mpeg,songs/NHS2-E5T5.mp3,
NHS2-MQZS,NHS2-MQZS,,audio/mpeg,songs/NHS2-MQZS.mp3,
NHS2-QIQS,NHS2-QIQS,,audio/mpeg,songs/NHS2-QIQS.mp3,
NHS2-UYG4,NHS2-UYG4,,audio/mpeg,songs/NHS2-UYG4.mp3,
NHS2-VA7K,NHS2-VA7K,,audio/mpeg,songs/NHS2-VA7K.mp3,
NHS2-XTHW,NHS2-XTHW,,audio/mpeg,songs/NHS2-XTHW.mp3,
NHS2-3OER,NHS2-3OER,,audio/mpeg,songs/NHS2-3OER.mp3,
NHS2-5W5A,NHS2-5W5A,,audio/mpeg,songs/NHS2-5W5A.mp3,
NHS2-3RY9,NHS2-3RY9,,audio/mpeg,songs/NHS2-3RY9.mp3,
NHS2-E879,NHS2-E879,,audio/mpeg,songs/NHS2-E879.mp3,
NHS2-IU31,NHS2-IU31,,audio/mpeg,songs/NHS2-IU31.mp3,
NHS2-I7H2,NHS2-I7H2,,audio/mpeg,songs/NHS2-I7H2.mp3,
NHS2-LVNB,NHS2-LVNB,,audio/mpeg,songs/NHS2-LVNB.mp3,
NHS2-YN1A,NHS2-YN1A,,audio/mpeg,songs/NHS2-YN1A.mp3,
NHS2-TLT0,NHS2-TLT0,,audio/mpeg,songs/NHS2-TLT0.mp3,
NHS2-YQ2F,NHS2-YQ2F,,audio/mpeg,songs/NHS2-YQ2F.mp3,
NHS2-56NT,NHS2-56NT,,audio/mpeg,songs/NHS2-56NT.mp3,
NHS2-Y7FV,NHS2-Y7FV,,audio/mpeg,songs/NHS2-Y7FV.mp3,
NHS2-LA7I,NHS2-LA7I,,audio/mpeg,songs/NHS2-LA7I.mp3,
NHS2-1D5A,NHS2-1D5A,,audio/mpeg,songs/NHS2-1D5A.mp3,
NHS2-ACA2,NHS2-ACA2,,audio/mpeg,songs/NHS2-ACA2.mp3,
NHS2-LEIP,NHS2-LEIP,,audio/mpeg,songs/NHS2-LEIP.mp3,
NHS2-U14O,NHS2-U14O,,audio/mpeg,songs/NHS2-U14O.mp3,
NHS2-JYNI,NHS2-JYNI,,audio/mpeg,songs/NHS2-JYNI.mp3,
NHS2-6CQJ,NHS2-6CQJ,,audio/mpeg,songs/NHS2-6CQJ.mp3,
NHS2-TGEC,NHS2-TGEC,,audio/mpeg,songs/NHS2-TGEC.mp3,
NHS2-29EL,NHS2-29EL,,audio/mpeg,songs/NHS2-29EL.mp3,
NHS2-SNG1,NHS2-SNG1,,audio/mpeg,songs/NHS2-SNG1.mp3,
NHS2-79FC,NHS2-79FC,,audio/mpeg,songs/NHS2-79FC.mp3,
NHS2-RHD1,NHS2-RHD1,,audio/mpeg,songs/NHS2-RHD1.mp3,
NHS2-Q655,NHS2-Q655,,audio/mpeg,songs/NHS2-Q655.mp3,
NHS2-CN26,NHS2-CN26,,audio/mpeg,songs/NHS2-CN26.mp3,
NHS2-BJKN,NHS2-BJKN,,audio/mpeg,songs/NHS2-BJKN.mp3,
NHS2-YLXK,NHS2-YLXK,,audio/mpeg,songs/NHS2-YLXK.mp3,
NHS2-914A,NHS2-914A,,audio/mpeg,songs/NHS2-914A.mp3,
NHS2-M6X4,NHS2-M6X4,,audio/mpeg,songs/NHS2-M6X4.mp3,
NHS2-2UTZ,NHS2-2UTZ,,audio/mpeg,songs/NHS2-2UTZ.mp3,
NHS2-UZLM,NHS2-UZLM,,audio/mpeg,songs/NHS2-UZLM.mp3,
NHS2-CQFQ,NHS2-CQFQ,,audio/mpeg,songs/NHS2-CQFQ.mp3,
NHS2-GJ4X,NHS2-GJ4X,,audio/mpeg,songs/NHS2-GJ4X.mp3,
NHS2-SG98,NHS2-SG98,,audio/mpeg,songs/NHS2-SG98.mp3,
NHS2-7YXU,NHS2-7YXU,,audio/mpeg,songs/NHS2-7YXU.mp3,
NHS2-1FS4,NHS2-1FS4,,audio/mpeg,songs/NHS2-1FS4.mp3,
NHS2-NODK,NHS2-NODK,,audio/mpeg,songs/NHS2-NODK.mp3,
NHS2-56ZE,NHS2-56ZE,,audio/mpeg,songs/NHS2-56ZE.mp3,
NHS2-EVGH,NHS2-EVGH,,audio/mpeg,songs/NHS2-EVGH.mp3,
NHS2-8NOH,NHS2-8NOH,,audio/mpeg,songs/NHS2-8NOH.mp3,
NHS2-A1WC,NHS2-A1WC,,audio/mpeg,songs/NHS2-A1WC.mp3,
NHS2-9GQR,NHS2-9GQR,,audio/mpeg,songs/NHS2-9GQR.mp3,
NHS2-D04O,NHS2-D04O,,audio/mpeg,songs/NHS2-D04O.mp3,
NHS2-MTQX,NHS2-MTQX,,audio/mpeg,songs/NHS2-MTQX.mp3,
NHS2-6SKT,NHS2-6SKT,,audio/mpeg,songs/NHS2-6SKT.mp3,
NHS2-LF3O,NHS2-LF3O,,audio/mpeg,songs/NHS2-LF3O.mp3,
NHS2-QQ8E,NHS2-QQ8E,,audio/mpeg,songs/NHS2-QQ8E.mp3,
NHS2-3U9L,NHS2-3U9L,,audio/mpeg,songs/NHS2-3U9L.mp3,
NHS2-0ERR,NHS2-0ERR,,audio/mpeg,songs/NHS2-0ERR.mp3,
NHS2-LS5V,NHS2-LS5V,,audio/mpeg,songs/NHS2-LS5V.mp3,
NHS2-IZWB,NHS2-IZWB,,audio/mpeg,songs/NHS2-IZWB.mp3,
NHS2-AOIU,NHS2-AOIU,,audio/mpeg,songs/NHS2-AOIU.mp3,
NHS2-X35A,NHS2-X35A,,audio/mpeg,songs/NHS2-X35A.mp3,
NHS2-D7UD,NHS2-D7UD,,audio/mpeg,songs/NHS2-D7UD.mp3,
NHS2-TQBZ,NHS2-TQBZ,,audio/mpeg,songs/NHS2-TQBZ.mp3,
NHS2-3OQR,NHS2-3OQR,,audio/mpeg,songs/NHS2-3OQR.mp3,
NHS2-TL0L,NHS2-TL0L,,audio/mpeg,songs/NHS2-TL0L.mp3,
NHS2-P5JI,NHS2-P5JI,,audio/mpeg,songs/NHS2-P5JI.mp3,
NHS2-ZTKY,NHS2-ZTKY,,audio/mpeg,songs/NHS2-ZTKY.mp3,
NHS2-OPGO,NHS2-OPGO,,audio/mpeg,songs/NHS2-OPGO.mp3,
NHS2-NRZX,NHS2-NRZX,,audio/mpeg,songs/NHS2-NRZX.mp3,
NHS2-13QA,NHS2-13QA,,audio/mpeg,songs/NHS2-13QA.mp3,
NHS2-CJRT,NHS2-CJRT,,audio/mpeg,songs/NHS2-CJRT.mp3,
NHS2-9W4T,NHS2-9W4T,,audio/mpeg,songs/NHS2-9W4T.mp3,
NHS2-CP41,NHS2-CP41,,audio/mpeg,songs/NHS2-CP41.mp3,
NHS2-66IN,NHS2-66IN,,audio/mpeg,songs/NHS2-66IN.mp3,
NHS2-XGAI,NHS2-XGAI,,audio/mpeg,songs/NHS2-XGAI.mp3,
NHS2-MU8R,NHS2-MU8R,,audio/mpeg,songs/NHS2-MU8R.mp3,
NHS2-IPO1,NHS2-IPO1,,audio/mpeg,songs/NHS2-IPO1.mp3,
NHS2-J5AX,NHS2-J5AX,,audio/mpeg,songs/NHS2-J5AX.mp3,
NHS2-BHQB,NHS2-BHQB,,audio/mpeg,songs/NHS2-BHQB.mp3,
NHS2-FM7L,NHS2-FM7L,,audio/mpeg,songs/NHS2-FM7L.mp3,
NHS2-8QLU,NHS2-8QLU,,audio/mpeg,songs/NHS2-8QLU.mp3,
NHS2-YJU7,NHS2-YJU7,,audio/mpeg,songs/NHS2-YJU7.mp3,
NHS2-JWTY,NHS2-JWTY,,audio/mpeg,songs/NHS2-JWTY.mp3,
NHS2-ZWHJ,NHS2-ZWHJ,,audio/mpeg,songs/NHS2-ZWHJ.mp3,
NHS2-RCXO,NHS2-RCXO,,audio/mpeg,songs/NHS2-RCXO.mp3,
NHS2-5THI,NHS2-5THI,,audio/mpeg,songs/NHS2-5THI.mp3,
NHS2-IAY0,NHS2-IAY0,,audio/mpeg,songs/NHS2-IAY0.mp3,
NHS2-NQ2U,NHS2-NQ2U,,audio/mpeg,songs/NHS2-NQ2U.mp3,
NHS2-U1QE,NHS2-U1QE,,audio/mpeg,songs/NHS2-U1QE.mp3,
NHS2-8HYJ,NHS2-8HYJ,,audio/mpeg,songs/NHS2-8HYJ.mp3,
NHS2-5HCI,NHS2-5HCI,,audio/mpeg,songs/NHS2-5HCI.mp3,
NHS2-RFNO,NHS2-RFNO,,audio/mpeg,songs/NHS2-RFNO.mp3,
NHS2-YJW0,NHS2-YJW0,,audio/mpeg,songs/NHS2-YJW0.mp3,
NHS2-5U0S,NHS2-5U0S,,audio/mpeg,songs/NHS2-5U0S.mp3,
NHS2-0OOB,NHS2-0OOB,,audio/mpeg,songs/NHS2-0OOB.mp3,
NHS2-CRM7,NHS2-CRM7,,audio/mpeg,songs/NHS2-CRM7.mp3,
NHS2-JIGG,NHS2-JIGG,,audio/mpeg,songs/NHS2-JIGG.mp3,
NHS2-K4KT,NHS2-K4KT,,audio/mpeg,songs/NHS2-K4KT.mp3,
NHS2-76SZ,NHS2-76SZ,,audio/mpeg,songs/NHS2-76SZ.mp3,
NHS2-2G3N,NHS2-2G3N,,audio/mpeg,songs/NHS2-2G3N.mp3,
NHS2-GQVS,NHS2-GQVS,,audio/mpeg,songs/NHS2-GQVS.mp3,
NHS2-8TRZ,NHS2-8TRZ,,audio/mpeg,songs/NHS2-8TRZ.mp3,
NHS2-OIRZ,NHS2-OIRZ,,audio/mpeg,songs/NHS2-OIRZ.mp3,
NHS2-8QBW,NHS2-8QBW,,audio/mpeg,songs/NHS2-8QBW.mp3,
NHS2-I0MN,NHS2-I0MN,,audio/mpeg,songs/NHS2-I0MN.mp3,
NHS2-SIPH,NHS2-SIPH,,audio/mpeg,songs/NHS2-SIPH.mp3,
NHS2-BBYW,NHS2-BBYW,,audio/mpeg,songs/NHS2-BBYW.mp3,
NHS2-9BBL,NHS2-9BBL,,audio/mpeg,songs/NHS2-9BBL.mp3,
NHS2-L84K,NHS2-L84K,,audio/mpeg,songs/NHS2-L84K.mp3,
NHS2-P32P,NHS2-P32P,,audio/mpeg,songs/NHS2-P32P.mp3,
NHS2-I79R,NHS2-I79R,,audio/mpeg,songs/NHS2-I79R.mp3,
NHS2-7NEZ,NHS2-7NEZ,,audio/mpeg,songs/NHS2-7NEZ.mp3,
NHS2-3DYT,NHS2-3DYT,,audio/mpeg,songs/NHS2-3DYT.mp3,
NHS2-155V,NHS2-155V,,audio/mpeg,songs/NHS2-155V.mp3,
NHS2-2UPM,NHS2-2UPM,,audio/mpeg,songs/NHS2-2UPM.mp3,
NHS2-MRNQ,NHS2-MRNQ,,audio/mpeg,songs/NHS2-MRNQ.mp3,
NHS2-XIJR,NHS2-XIJR,,audio/mpeg,songs/NHS2-XIJR.mp3,
NHS2-9HTB,NHS2-9HTB,,audio/mpeg,songs/NHS2-9HTB.mp3,
NHS2-B7OB,NHS2-B7OB,,audio/mpeg,songs/NHS2-B7OB.mp3,
NHS2-N9YG,NHS2-N9YG,,audio/mpeg,songs/NHS2-N9YG.mp3,
NHS2-0DXY,NHS2-0DXY,,audio/mpeg,songs/NHS2-0DXY.mp3,
NHS2-C15J,NHS2-C15J,,audio/mpeg,songs/NHS2-C15J.mp3,
NHS2-RCBL,NHS2-RCBL,,audio/mpeg,songs/NHS2-RCBL.mp3,
NHS2-UE7S,NHS2-UE7S,,audio/mpeg,songs/NHS2-UE7S.mp3,
NHS2-6R84,NHS2-6R84,,audio/mpeg,songs/NHS2-6R84.mp3,
NHS2-2BT6,NHS2-2BT6,,audio/mpeg,songs/NHS2-2BT6.mp3,
NHS2-I4V5,NHS2-I4V5,,audio/mpeg,songs/NHS2-I4V5.mp3,
NHS2-XWL8,NHS2-XWL8,,audio/mpeg,songs/NHS2-XWL8.mp3,
NHS2-GDCE,NHS2-GDCE,,audio/mpeg,songs/NHS2-GDCE.mp3,
NHS2-FUK5,NHS2-FUK5,,audio/mpeg,songs/NHS2-FUK5.mp3,
NHS2-O9JH,NHS2-O9JH,,audio/mpeg,songs/NHS2-O9JH.mp3,
NHS2-NHW2,NHS2-NHW2,,audio/mpeg,songs/NHS2-NHW2.mp3,
NHS2-0BSK,NHS2-0BSK,,audio/mpeg,songs/NHS2-0BSK.mp3,
NHS2-K4B7,NHS2-K4B7,,audio/mpeg,songs/NHS2-K4B7.mp3,
NHS2-51BM,NHS2-51BM,,audio/mpeg,songs/NHS2-51BM.mp3,
NHS2-VGRT,NHS2-VGRT,,audio/mpeg,songs/NHS2-VGRT.mp3,
NHS2-TN8J,NHS2-TN8J,,audio/mpeg,songs/NHS2-TN8J.mp3,
NHS2-6UVI,NHS2-6UVI,,audio/mpeg,songs/NHS2-6UVI.mp3,
NHS2-MC84,NHS2-MC84,,audio/mpeg,songs/NHS2-MC84.mp3,
NHS2-VEE7,NHS2-VEE7,,audio/mpeg,songs/NHS2-VEE7.mp3,
NHS2-RKZ9,NHS2-RKZ9,,audio/mpeg,songs/NHS2-RKZ9.mp3,
NHS2-B0XT,NHS2-B0XT,,audio/mpeg,songs/NHS2-B0XT.mp3,
NHS2-P77G,NHS2-P77G,,audio/mpeg,songs/NHS2-P77G.mp3,
NHS2-JOI6,NHS2-JOI6,,audio/mpeg,songs/NHS2-JOI6.mp3,
NHS2-TFPI,NHS2-TFPI,,audio/mpeg,songs/NHS2-TFPI.mp3,
NHS2-BJS2,NHS2-BJS2,,audio/mpeg,songs/NHS2-BJS2.mp3,
NHS2-F36Z,NHS2-F36Z,,audio/mpeg,songs/NHS2-F36Z.mp3,
NHS2-2OS6,NHS2-2OS6,,audio/mpeg,songs/NHS2-2OS6.mp3,
NHS2-TXC2,NHS2-TXC2,,audio/mpeg,songs/NHS2-TXC2.mp3,
NHS2-79XK,NHS2-79XK,,audio/mpeg,songs/NHS2-79XK.mp3,
NHS2-CYTF,NHS2-CYTF,,audio/mpeg,songs/NHS2-CYTF.mp3,
NHS2-LDPM,NHS2-LDPM,,audio/mpeg,songs/NHS2-LDPM.mp3,
NHS2-MW5F,NHS2-MW5F,,audio/mpeg,songs/NHS2-MW5F.mp3,
NHS2-QX2Q,NHS2-QX2Q,,audio/mpeg,songs/NHS2-QX2Q.mp3,
NHS2-VI5Q,NHS2-VI5Q,,audio/mpeg,songs/NHS2-VI5Q.mp3,
NHS2-VQLP,NHS2-VQLP,,audio/mpeg,songs/NHS2-VQLP.mp3,
NHS2-G3HZ,NHS2-G3HZ,,audio/mpeg,songs/NHS2-G3HZ.mp3,
NHS2-LT6Y,NHS2-LT6Y,,audio/mpeg,songs/NHS2-LT6Y.mp3,
NHS2-MEUM,NHS2-MEUM,,audio/mpeg,songs/NHS2-MEUM.mp3,
NHS2-ZEU0,NHS2-ZEU0,,audio/mpeg,songs/NHS2-ZEU0.mp3,
NHS2-0KOG,NHS2-0KOG,,audio/mpeg,songs/NHS2-0KOG.mp3,
NHS2-5XFO,NHS2-5XFO,,audio/mpeg,songs/NHS2-5XFO.mp3,
NHS2-L4AU,NHS2-L4AU,,audio/mpeg,songs/NHS2-L4AU.mp3,
NHS2-NVVR,NHS2-NVVR,,audio/mpeg,songs/NHS2-NVVR.mp3,
NHS2-RU8O,NHS2-RU8O,,audio/mpeg,songs/NHS2-RU8O.mp3,
NHS2-3JUS,NHS2-3JUS,,audio/mpeg,songs/NHS2-3JUS.mp3,
NHS2-863N,NHS2-863N,,audio/mpeg,songs/NHS2-863N.mp3,
NHS2-BGQZ,NHS2-BGQZ,,audio/mpeg,songs/NHS2-BGQZ.mp3,
NHS2-KVWI,NHS2-KVWI,,audio/mpeg,songs/NHS2-KVWI.mp3,
NHS2-DGOE,NHS2-DGOE,,audio/mpeg,songs/NHS2-DGOE.mp3,
NHS2-1S3V,NHS2-1S3V,,audio/mpeg,songs/NHS2-1S3V.mp3,
NHS2-BNQV,NHS2-BNQV,,audio/mpeg,songs/NHS2-BNQV.mp3,
NHS2-I699,NHS2-I699,,audio/mpeg,songs/NHS2-I699.mp3,
NHS2-BM3C,NHS2-BM3C,,audio/mpeg,songs/NHS2-BM3C.mp3,
NHS2-BMGH,NHS2-BMGH,,audio/mpeg,songs/NHS2-BMGH.mp3,
NHS2-OTJS,NHS2-OTJS,,audio/mpeg,songs/NHS2-OTJS.mp3,
NHS2-27QB,NHS2-27QB,,audio/mpeg,songs/NHS2-27QB.mp3,
NHS2-Z8Q6,NHS2-Z8Q6,,audio/mpeg,songs/NHS2-Z8Q6.mp3,
NHS2-3ID0,NHS2-3ID0,,audio/mpeg,songs/NHS2-3ID0.mp3,
NHS2-WFE1,NHS2-WFE1,,audio/mpeg,songs/NHS2-WFE1.mp3,
NHS2-1VEN,NHS2-1VEN,,audio/mpeg,songs/NHS2-1VEN.mp3,
NHS2-9Y3G,NHS2-9Y3G,,audio/mpeg,songs/NHS2-9Y3G.mp3,
NHS2-I3RO,NHS2-I3RO,,audio/mpeg,songs/NHS2-I3RO.mp3,
NHS2-HUX8,NHS2-HUX8,,audio/mpeg,songs/NHS2-HUX8.mp3,
NHS2-R2YS,NHS2-R2YS,,audio/mpeg,songs/NHS2-R2YS.mp3,
NHS2-UDOB,NHS2-UDOB,,audio/mpeg,songs/NHS2-UDOB.mp3,
NHS2-GPDW,NHS2-GPDW,,audio/mpeg,songs/NHS2-GPDW.mp3,
NHS2-PGOU,NHS2-PGOU,,audio/mpeg,songs/NHS2-PGOU.mp3,
NHS2-Z441,NHS2-Z441,,audio/mpeg,songs/NHS2-Z441.mp3,
NHS2-KWD9,NHS2-KWD9,,audio/mpeg,songs/NHS2-KWD9.mp3,
NHS2-TOVS,NHS2-TOVS,,audio/mpeg,songs/NHS2-TOVS.mp3,
NHS2-G8EZ,NHS2-G8EZ,,audio/mpeg,songs/NHS2-G8EZ.mp3,
NHS2-V2MG,NHS2-V2MG,,audio/mpeg,songs/NHS2-V2MG.mp3,
NHS2-41ON,NHS2-41ON,,audio/mpeg,songs/NHS2-41ON.mp3,
NHS2-ATWM,NHS2-ATWM,,audio/mpeg,songs/NHS2-ATWM.mp3,
NHS2-O0LK,NHS2-O0LK,,audio/mpeg,songs/NHS2-O0LK.mp3,
NHS2-ROQE,NHS2-ROQE,,audio/mpeg,songs/NHS2-ROQE.mp3,
NHS2-S58Q,NHS2-S58Q,,audio/mpeg,songs/NHS2-S58Q.mp3,
NHS2-F3H4,NHS2-F3H4,,audio/mpeg,songs/NHS2-F3H4.mp3,
NHS2-E0EF,NHS2-E0EF,,audio/mpeg,songs/NHS2-E0EF.mp3,
NHS2-TRIT,NHS2-TRIT,,audio/mpeg,songs/NHS2-TRIT.mp3,
NHS2-IKPC,NHS2-IKPC,,audio/mpeg,songs/NHS2-IKPC.mp3,
NHS2-5ETJ,NHS2-5ETJ,,audio/mpeg,songs/NHS2-5ETJ.mp3,
NHS2-PEN8,NHS2-PEN8,,audio/mpeg,songs/NHS2-PEN8.mp3,
NHS2-2OZH,NHS2-2OZH,,audio/mpeg,songs/NHS2-2OZH.mp3,
NHS2-5IXS,NHS2-5IXS,,audio/mpeg,songs/NHS2-5IXS.mp3,
NHS2-8Z3Q,NHS2-8Z3Q,,audio/mpeg,songs/NHS2-8Z3Q.mp3,
NHS2-YH6E,NHS2-YH6E,,audio/mpeg,songs/NHS2-YH6E.mp3,
NHS2-7CEW,NHS2-7CEW,,audio/mpeg,songs/NHS2-7CEW.mp3,
NHS2-JFOZ,NHS2-JFOZ,,audio/mpeg,songs/NHS2-JFOZ.mp3,
NHS2-OBH8,NHS2-OBH8,,audio/mpeg,songs/NHS2-OBH8.mp3,
NHS2-TW9J,NHS2-TW9J,,audio/mpeg,songs/NHS2-TW9J.mp3,
NHS2-USTD,NHS2-USTD,,audio/mpeg,songs/NHS2-USTD.mp3,
NHS2-NI78,NHS2-NI78,,audio/mpeg,songs/NHS2-NI78.mp3,
NHS2-GP6X,NHS2-GP6X,,audio/mpeg,songs/NHS2-GP6X.mp3,
NHS2-DGE5,NHS2-DGE5,,audio/mpeg,songs/NHS2-DGE5.mp3,
NHS2-R2EN,NHS2-R2EN,,audio/mpeg,songs/NHS2-R2EN.mp3,
NHS2-K9E6,NHS2-K9E6,,audio/mpeg,songs/NHS2-K9E6.mp3,
NHS2-VIBU,NHS2-VIBU,,audio/mpeg,songs/NHS2-VIBU.mp3,
NHS2-LU0Q,NHS2-LU0Q,,audio/mpeg,songs/NHS2-LU0Q.mp3,
NHS2-URYE,NHS2-URYE,,audio/mpeg,songs/NHS2-URYE.mp3,
NHS2-Y6V2,NHS2-Y6V2,,audio/mpeg,songs/NHS2-Y6V2.mp3,
NHS2-RSPL,NHS2-RSPL,,audio/mpeg,songs/NHS2-RSPL.mp3,
NHS2-SE7M,NHS2-SE7M,,audio/mpeg,songs/NHS2-SE7M.mp3,
NHS2-RCVU,NHS2-RCVU,,audio/mpeg,songs/NHS2-RCVU.mp3,
NHS2-BBPJ,NHS2-BBPJ,,audio/mpeg,songs/NHS2-BBPJ.mp3,
NHS2-ED96,NHS2-ED96,,audio/mpeg,songs/NHS2-ED96.mp3,
NHS2-FLYQ,NHS2-FLYQ,,audio/mpeg,songs/NHS2-FLYQ.mp3,
NHS2-404H,NHS2-404H,,audio/mpeg,songs/NHS2-404H.mp3,
NHS2-JNHY,NHS2-JNHY,,audio/mpeg,songs/NHS2-JNHY.mp3,
NHS2-M7UO,NHS2-M7UO,,audio/mpeg,songs/NHS2-M7UO.mp3,
NHS2-5BTW,NHS2-5BTW,,audio/mpeg,songs/NHS2-5BTW.mp3,
NHS2-KSRM,NHS2-KSRM,,audio/mpeg,songs/NHS2-KSRM.mp3,
NHS2-XU3K,NHS2-XU3K,,audio/mpeg,songs/NHS2-XU3K.mp3,
NHS2-ZU2O,NHS2-ZU2O,,audio/mpeg,songs/NHS2-ZU2O.mp3,
NHS2-Z6NC,NHS2-Z6NC,,audio/mpeg,songs/NHS2-Z6NC.mp3,
NHS2-M2GB,NHS2-M2GB,,audio/mpeg,songs/NHS2-M2GB.mp3,
NHS2-GT5R,NHS2-GT5R,,audio/mpeg,songs/NHS2-GT5R.mp3,
NHS2-NOHR,NHS2-NOHR,,audio/mpeg,songs/NHS2-NOHR.mp3,
NHS2-YJ7K,NHS2-YJ7K,,audio/mpeg,songs/NHS2-YJ7K.mp3,
NHS2-KLEM,NHS2-KLEM,,audio/mpeg,songs/NHS2-KLEM.mp3,
NHS2-AN4C,NHS2-AN4C,,audio/mpeg,songs/NHS2-AN4C.mp3,
NHS2-W3XP,NHS2-W3XP,,audio/mpeg,songs/NHS2-W3XP.mp3,
NHS2-18M3,NHS2-18M3,,audio/mpeg,songs/NHS2-18M3.mp3,
NHS2-KR0Z,NHS2-KR0Z,,audio/mpeg,songs/NHS2-KR0Z.mp3,
NHS2-XAH8,NHS2-XAH8,,audio/mpeg,songs/NHS2-XAH8.mp3,
NHS2-15NH,NHS2-15NH,,audio/mpeg,songs/NHS2-15NH.mp3,
NHS2-R269,NHS2-R269,,audio/mpeg,songs/NHS2-R269.mp3,
NHS2-W0KE,NHS2-W0KE,,audio/mpeg,songs/NHS2-W0KE.mp3,
NHS2-LCV6,NHS2-LCV6,,audio/mpeg,songs/NHS2-LCV6.mp3,
NHS2-XQPR,NHS2-XQPR,,audio/mpeg,songs/NHS2-XQPR.mp3,
NHS2-OW5R,NHS2-OW5R,,audio/mpeg,songs/NHS2-OW5R.mp3,
NHS2-PBI3,NHS2-PBI3,,audio/mpeg,songs/NHS2-PBI3.mp3,
NHS2-SIVT,NHS2-SIVT,,audio/mpeg,songs/NHS2-SIVT.mp3,
NHS2-A57S,NHS2-A57S,,audio/mpeg,songs/NHS2-A57S.mp3,
NHS2-P36L,NHS2-P36L,,audio/mpeg,songs/NHS2-P36L.mp3,
NHS2-43S3,NHS2-43S3,,audio/mpeg,songs/NHS2-43S3.mp3,
NHS2-AMLT,NHS2-AMLT,,audio/mpeg,songs/NHS2-AMLT.mp3,
NHS2-IOK8,NHS2-IOK8,,audio/mpeg,songs/NHS2-IOK8.mp3,
NHS2-46GT,NHS2-46GT,,audio/mpeg,songs/NHS2-46GT.mp3,
NHS2-FY2K,NHS2-FY2K,,audio/mpeg,songs/NHS2-FY2K.mp3,
NHS2-OFQP,NHS2-OFQP,,audio/mpeg,songs/NHS2-OFQP.mp3,
NHS2-1WCG,NHS2-1WCG,,audio/mpeg,songs/NHS2-1WCG.mp3,
NHS2-6NQQ,NHS2-6NQQ,,audio/mpeg,songs/NHS2-6NQQ.mp3,
NHS2-JZ6W,NHS2-JZ6W,,audio/mpeg,songs/NHS2-JZ6W.mp3,
NHS2-KEYP,NHS2-KEYP,,audio/mpeg,songs/NHS2-KEYP.mp3,
NHS2-M0AP,NHS2-M0AP,,audio/mpeg,songs/NHS2-M0AP.mp3,
NHS2-1E7A,NHS2-1E7A,,audio/mpeg,songs/NHS2-1E7A.mp3,
NHS2-HDCR,NHS2-HDCR,,audio/mpeg,songs/NHS2-HDCR.mp3,
NHS2-SHDA,NHS2-SHDA,,audio/mpeg,songs/NHS2-SHDA.mp3,
NHS2-TNEF,NHS2-TNEF,,audio/mpeg,songs/NHS2-TNEF.mp3,
NHS2-WVCH,NHS2-WVCH,,audio/mpeg,songs/NHS2-WVCH.mp3,
NHS2-1GVP,NHS2-1GVP,,audio/mpeg,songs/NHS2-1GVP.mp3,
NHS2-SGKE,NHS2-SGKE,,audio/mpeg,songs/NHS2-SGKE.mp3,
NHS2-Z178,NHS2-Z178,,audio/mpeg,songs/NHS2-Z178.mp3,
NHS2-PFF9,NHS2-PFF9,,audio/mpeg,songs/NHS2-PFF9.mp3,
NHS2-XD70,NHS2-XD70,,audio/mpeg,songs/NHS2-XD70.mp3,
NHS2-BLC6,NHS2-BLC6,,audio/mpeg,songs/NHS2-BLC6.mp3,
NHS2-7XOX,NHS2-7XOX,,audio/mpeg,songs/NHS2-7XOX.mp3,
NHS2-Z83P,NHS2-Z83P,,audio/mpeg,songs/NHS2-Z83P.mp3,
NHS2-SIW1,NHS2-SIW1,,audio/mpeg,songs/NHS2-SIW1.mp3,
NHS2-706E,NHS2-706E,,audio/mpeg,songs/NHS2-706E.mp3,
NHS2-VX6K,NHS2-VX6K,,audio/mpeg,songs/NHS2-VX6K.mp3,
NHS2-7XBW,NHS2-7XBW,,audio/mpeg,songs/NHS2-7XBW.mp3,
NHS2-Y6R3,NHS2-Y6R3,,audio/mpeg,songs/NHS2-Y6R3.mp3,
NHS2-I71D,NHS2-I71D,,audio/mpeg,songs/NHS2-I71D.mp3,
NHS2-F8W7,NHS2-F8W7,,audio/mpeg,songs/NHS2-F8W7.mp3,
NHS2-9ZG2,NHS2-9ZG2,,audio/mpeg,songs/NHS2-9ZG2.mp3,
NHS2-4KJ4,NHS2-4KJ4,,audio/mpeg,songs/NHS2-4KJ4.mp3,
NHS2-P4RY,NHS2-P4RY,,audio/mpeg,songs/NHS2-P4RY.mp3,
NHS2-GAOV,NHS2-GAOV,,audio/mpeg,songs/NHS2-GAOV.mp3,
NHS2-GL6J,NHS2-GL6J,,audio/mpeg,songs/NHS2-GL6J.mp3,
NHS2-SPEE,NHS2-SPEE,,audio/mpeg,songs/NHS2-SPEE.mp3,
NHS2-9HLO,NHS2-9HLO,,audio/mpeg,songs/NHS2-9HLO.mp3,
NHS2-B94G,NHS2-B94G,,audio/mpeg,songs/NHS2-B94G.mp3,
NHS2-HWFE,NHS2-HWFE,,audio/mpeg,songs/NHS2-HWFE.mp3,
NHS2-IZJ7,NHS2-IZJ7,,audio/mpeg,songs/NHS2-IZJ7.mp3,
NHS2-TVDK,NHS2-TVDK,,audio/mpeg,songs/NHS2-TVDK.mp3,
NHS2-12A9,NHS2-12A9,,audio/mpeg,songs/NHS2-12A9.mp3,
NHS2-JM0N,NHS2-JM0N,,audio/mpeg,songs/NHS2-JM0N.mp3,
NHS2-WBRK,NHS2-WBRK,,audio/mpeg,songs/NHS2-WBRK.mp3,
NHS2-ZO18,NHS2-ZO18,,audio/mpeg,songs/NHS2-ZO18.mp3,
NHS2-2EKA,NHS2-2EKA,,audio/mpeg,songs/NHS2-2EKA.mp3,
NHS2-8D26,NHS2-8D26,,audio/mpeg,songs/NHS2-8D26.mp3,
NHS2-LQEP,NHS2-LQEP,,audio/mpeg,songs/NHS2-LQEP.mp3,
NHS2-BCPU,NHS2-BCPU,,audio/mpeg,songs/NHS2-BCPU.mp3,
NHS2-7SRW,NHS2-7SRW,,audio/mpeg,songs/NHS2-7SRW.mp3,
NHS2-KHKQ,NHS2-KHKQ,,audio/mpeg,songs/NHS2-KHKQ.mp3,
NHS2-3LYX,NHS2-3LYX,,audio/mpeg,songs/NHS2-3LYX.mp3,
NHS2-RDF4,NHS2-RDF4,,audio/mpeg,songs/NHS2-RDF4.mp3,
NHS2-WY88,NHS2-WY88,,audio/mpeg,songs/NHS2-WY88.mp3,
NHS2-EYBO,NHS2-EYBO,,audio/mpeg,songs/NHS2-EYBO.mp3,
NHS2-KBLR,NHS2-KBLR,,audio/mpeg,songs/NHS2-KBLR.mp3,
NHS2-DGJS,NHS2-DGJS,,audio/mpeg,songs/NHS2-DGJS.mp3,
NHS2-0OA3,NHS2-0OA3,,audio/mpeg,songs/NHS2-0OA3.mp3,
NHS2-BX0P,NHS2-BX0P,,audio/mpeg,songs/NHS2-BX0P.mp3,
NHS2-GNQV,NHS2-GNQV,,audio/mpeg,songs/NHS2-GNQV.mp3,
NHS2-SF43,NHS2-SF43,,audio/mpeg,songs/NHS2-SF43.mp3,
NHS2-D455,NHS2-D455,,audio/mpeg,songs/NHS2-D455.mp3,
NHS2-EIPU,NHS2-EIPU,,audio/mpeg,songs/NHS2-EIPU.mp3,
NHS2-G6Z0,NHS2-G6Z0,,audio/mpeg,songs/NHS2-G6Z0.mp3,
NHS2-L177,NHS2-L177,,audio/mpeg,songs/NHS2-L177.mp3,
NHS2-E7QN,NHS2-E7QN,,audio/mpeg,songs/NHS2-E7QN.mp3,
NHS2-G82R,NHS2-G82R,,audio/mpeg,songs/NHS2-G82R.mp3,
NHS2-613U,NHS2-613U,,audio/mpeg,songs/NHS2-613U.mp3,
NHS2-56CV,NHS2-56CV,,audio/mpeg,songs/NHS2-56CV.mp3,
NHS2-ALKM,NHS2-ALKM,,audio/mpeg,songs/NHS2-ALKM.mp3,
NHS2-F57Y,NHS2-F57Y,,audio/mpeg,songs/NHS2-F57Y.mp3,
NHS2-GBI2,NHS2-GBI2,,audio/mpeg,songs/NHS2-GBI2.mp3,
NHS2-R4RL,NHS2-R4RL,,audio/mpeg,songs/NHS2-R4RL.mp3,
NHS2-E9PI,NHS2-E9PI,,audio/mpeg,songs/NHS2-E9PI.mp3,
NHS2-ERIP,NHS2-ERIP,,audio/mpeg,songs/NHS2-ERIP.mp3,
NHS2-G35E,NHS2-G35E,,audio/mpeg,songs/NHS2-G35E.mp3,
NHS2-PC3P,NHS2-PC3P,,audio/mpeg,songs/NHS2-PC3P.mp3,
NHS2-0CKA,NHS2-0CKA,,audio/mpeg,songs/NHS2-0CKA.mp3,
NHS2-1GHP,NHS2-1GHP,,audio/mpeg,songs/NHS2-1GHP.mp3,
NHS2-42SL,NHS2-42SL,,audio/mpeg,songs/NHS2-42SL.mp3,
NHS2-B3BI,NHS2-B3BI,,audio/mpeg,songs/NHS2-B3BI.mp3,
NHS2-0CO2,NHS2-0CO2,,audio/mpeg,songs/NHS2-0CO2.mp3,
NHS2-2C5Q,NHS2-2C5Q,,audio/mpeg,songs/NHS2-2C5Q.mp3,
NHS2-3XWB,NHS2-3XWB,,audio/mpeg,songs/NHS2-3XWB.mp3,
NHS2-0NMW,NHS2-0NMW,,audio/mpeg,songs/NHS2-0NMW.mp3,
NHS2-QKS7,NHS2-QKS7,,audio/mpeg,songs/NHS2-QKS7.mp3,
NHS2-SAZD,NHS2-SAZD,,audio/mpeg,songs/NHS2-SAZD.mp3,
NHS2-1DCV,NHS2-1DCV,,audio/mpeg,songs/NHS2-1DCV.mp3,
NHS2-VDWK,NHS2-VDWK,,audio/mpeg,songs/NHS2-VDWK.mp3,
NHS2-1I26,NHS2-1I26,,audio/mpeg,songs/NHS2-1I26.mp3,
NHS2-DI16,NHS2-DI16,,audio/mpeg,songs/NHS2-DI16.mp3,
NHS2-ZONP,NHS2-ZONP,,audio/mpeg,songs/NHS2-ZONP.mp3,
NHS2-WAGM,NHS2-WAGM,,audio/mpeg,songs/NHS2-WAGM.mp3,
NHS2-8J4L,NHS2-8J4L,,audio/mpeg,songs/NHS2-8J4L.mp3,
NHS2-VDT8,NHS2-VDT8,,audio/mpeg,songs/NHS2-VDT8.mp3,
NHS2-5NE5,NHS2-5NE5,,audio/mpeg,songs/NHS2-5NE5.mp3,
NHS2-HOCY,NHS2-HOCY,,audio/mpeg,songs/NHS2-HOCY.mp3,
NHS2-4KE5,NHS2-4KE5,,audio/mpeg,songs/NHS2-4KE5.mp3,
NHS2-9RD9,NHS2-9RD9,,audio/mpeg,songs/NHS2-9RD9.mp3,
NHS2-ALI7,NHS2-ALI7,,audio/mpeg,songs/NHS2-ALI7.mp3,
NHS2-M2TH,NHS2-M2TH,,audio/mpeg,songs/NHS2-M2TH.mp3,
NHS2-YG87,NHS2-YG87,,audio/mpeg,songs/NHS2-YG87.mp3,
NHS2-BZJ0,NHS2-BZJ0,,audio/mpeg,songs/NHS2-BZJ0.mp3,
NHS2-SDPZ,NHS2-SDPZ,,audio/mpeg,songs/NHS2-SDPZ.mp3,
NHS2-506Y,NHS2-506Y,,audio/mpeg,songs/NHS2-506Y.mp3,
NHS2-06FQ,NHS2-06FQ,,audio/mpeg,songs/NHS2-06FQ.mp3,
NHS2-AO12,NHS2-AO12,,audio/mpeg,songs/NHS2-AO12.mp3,
NHS2-NA1E,NHS2-NA1E,,audio/mpeg,songs/NHS2-NA1E.mp3,
NHS2-7TL9,NHS2-7TL9,,audio/mpeg,songs/NHS2-7TL9.mp3,
NHS2-EOY7,NHS2-EOY7,,audio/mpeg,songs/NHS2-EOY7.mp3,
NHS2-5S2Y,NHS2-5S2Y,,audio/mpeg,songs/NHS2-5S2Y.mp3,
NHS2-UBTJ,NHS2-UBTJ,,audio/mpeg,songs/NHS2-UBTJ.mp3,
NHS2-4IIR,NHS2-4IIR,,audio/mpeg,songs/NHS2-4IIR.mp3,
NHS2-1C8B,NHS2-1C8B,,audio/mpeg,songs/NHS2-1C8B.mp3,
NHS2-FMYE,NHS2-FMYE,,audio/mpeg,songs/NHS2-FMYE.mp3,
NHS2-UY25,NHS2-UY25,,audio/mpeg,songs/NHS2-UY25.mp3,
NHS2-10S6,NHS2-10S6,,audio/mpeg,songs/NHS2-10S6.mp3,
NHS2-RNFL,NHS2-RNFL,,audio/mpeg,songs/NHS2-RNFL.mp3,
NHS2-VLYL,NHS2-VLYL,,audio/mpeg,songs/NHS2-VLYL.mp3,
NHS2-ZVHE,NHS2-ZVHE,,audio/mpeg,songs/NHS2-ZVHE.mp3,
NHS2-1MJA,NHS2-1MJA,,audio/mpeg,songs/NHS2-1MJA.mp3,
NHS2-AJ1X,NHS2-AJ1X,,audio/mpeg,songs/NHS2-AJ1X.mp3,
NHS2-Q6FQ,NHS2-Q6FQ,,audio/mpeg,songs/NHS2-Q6FQ.mp3,
NHS2-DL2Z,NHS2-DL2Z,,audio/mpeg,songs/NHS2-DL2Z.mp3,
NHS2-18X6,NHS2-18X6,,audio/mpeg,songs/NHS2-18X6.mp3,
NHS2-JRP2,NHS2-JRP2,,audio/mpeg,songs/NHS2-JRP2.mp3,
NHS2-4RW7,NHS2-4RW7,,audio/mpeg,songs/NHS2-4RW7.mp3,
NHS2-5NO3,NHS2-5NO3,,audio/mpeg,songs/NHS2-5NO3.mp3,
NHS2-8QYQ,NHS2-8QYQ,,audio/mpeg,songs/NHS2-8QYQ.mp3,
NHS2-CP78,NHS2-CP78,,audio/mpeg,songs/NHS2-CP78.mp3,
NHS2-R06P,NHS2-R06P,,audio/mpeg,songs/NHS2-R06P.mp3,
NHS2-RP29,NHS2-RP29,,audio/mpeg,songs/NHS2-RP29.mp3,
NHS2-V2UK,NHS2-V2UK,,audio/mpeg,songs/NHS2-V2UK.mp3,
NHS2-1BBL,NHS2-1BBL,,audio/mpeg,songs/NHS2-1BBL.mp3,
NHS2-445H,NHS2-445H,,audio/mpeg,songs/NHS2-445H.mp3,
NHS2-VRUD,NHS2-VRUD,,audio/mpeg,songs/NHS2-VRUD.mp3,
NHS2-IE0N,NHS2-IE0N,,audio/mpeg,songs/NHS2-IE0N.mp3,
NHS2-3H55,NHS2-3H55,,audio/mpeg,songs/NHS2-3H55.mp3,
NHS2-PX6B,NHS2-PX6B,,audio/mpeg,songs/NHS2-PX6B.mp3,
NHS2-2KUR,NHS2-2KUR,,audio/mpeg,songs/NHS2-2KUR.mp3,
NHS2-7HG1,NHS2-7HG1,,audio/mpeg,songs/NHS2-7HG1.mp3,
NHS2-E1MN,NHS2-E1MN,,audio/mpeg,songs/NHS2-E1MN.mp3,
NHS2-4ZIM,NHS2-4ZIM,,audio/mpeg,songs/NHS2-4ZIM.mp3,
NHS2-1EIA,NHS2-1EIA,,audio/mpeg,songs/NHS2-1EIA.mp3,
NHS2-S7PH,NHS2-S7PH,,audio/mpeg,songs/NHS2-S7PH.mp3,
NHS2-XNFH,NHS2-XNFH,,audio/mpeg,songs/NHS2-XNFH.mp3,
NHS2-KZ4O,NHS2-KZ4O,,audio/mpeg,songs/NHS2-KZ4O.mp3,
NHS2-0ZIH,NHS2-0ZIH,,audio/mpeg,songs/NHS2-0ZIH.mp3,
NHS2-6BT9,NHS2-6BT9,,audio/mpeg,songs/NHS2-6BT9.mp3,
NHS2-AOJA,NHS2-AOJA,,audio/mpeg,songs/NHS2-AOJA.mp3,
NHS2-ELN7,NHS2-ELN7,,audio/mpeg,songs/NHS2-ELN7.mp3,
NHS2-719E,NHS2-719E,,audio/mpeg,songs/NHS2-719E.mp3,
NHS2-L24F,NHS2-L24F,,audio/mpeg,songs/NHS2-L24F.mp3,
NHS2-PUMI,NHS2-PUMI,,audio/mpeg,songs/NHS2-PUMI.mp3,
NHS2-TMH3,NHS2-TMH3,,audio/mpeg,songs/NHS2-TMH3.mp3,
NHS2-YXHK,NHS2-YXHK,,audio/mpeg,songs/NHS2-YXHK.mp3,
NHS2-179A,NHS2-179A,,audio/mpeg,songs/NHS2-179A.mp3,
NHS2-PC0R,NHS2-PC0R,,audio/mpeg,songs/NHS2-PC0R.mp3,
NHS2-PCBC,NHS2-PCBC,,audio/mpeg,songs/NHS2-PCBC.mp3,
NHS2-2OQH,NHS2-2OQH,,audio/mpeg,songs/NHS2-2OQH.mp3,
NHS2-7HRT,NHS2-7HRT,,audio/mpeg,songs/NHS2-7HRT.mp3,
NHS2-5C46,NHS2-5C46,,audio/mpeg,songs/NHS2-5C46.mp3,
NHS2-KQ7F,NHS2-KQ7F,,audio/mpeg,songs/NHS2-KQ7F.mp3,
NHS2-XJDQ,NHS2-XJDQ,,audio/mpeg,songs/NHS2-XJDQ.mp3,
NHS2-K1GM,NHS2-K1GM,,audio/mpeg,songs/NHS2-K1GM.mp3,
NHS2-U16R,NHS2-U16R,,audio/mpeg,songs/NHS2-U16R.mp3,
NHS2-HHEG,NHS2-HHEG,,audio/mpeg,songs/NHS2-HHEG.mp3,
NHS2-DKIW,NHS2-DKIW,,audio/mpeg,songs/NHS2-DKIW.mp3,
NHS2-9F2W,NHS2-9F2W,,audio/mpeg,songs/NHS2-9F2W.mp3,
NHS2-FSAQ,NHS2-FSAQ,,audio/mpeg,songs/NHS2-FSAQ.mp3,
NHS2-7H7E,NHS2-7H7E,,audio/mpeg,songs/NHS2-7H7E.mp3,
NHS2-78JU,NHS2-78JU,,audio/mpeg,songs/NHS2-78JU.mp3,
NHS2-ZHRT,NHS2-ZHRT,,audio/mpeg,songs/NHS2-ZHRT.mp3,
NHS2-KPUS,NHS2-KPUS,,audio/mpeg,songs/NHS2-KPUS.mp3,
NHS2-6WJ2,NHS2-6WJ2,,audio/mpeg,songs/NHS2-6WJ2.mp3,
NHS2-U27X,NHS2-U27X,,audio/mpeg,songs/NHS2-U27X.mp3,
NHS2-S33R,NHS2-S33R,,audio/mpeg,songs/NHS2-S33R.mp3,
NHS2-9P04,NHS2-9P04,,audio/mpeg,songs/NHS2-9P04.mp3,
NHS2-1G5V,NHS2-1G5V,,audio/mpeg,songs/NHS2-1G5V.mp3,
NHS2-V8OE,NHS2-V8OE,,audio/mpeg,songs/NHS2-V8OE.mp3,
NHS2-M00Z,NHS2-M00Z,,audio/mpeg,songs/NHS2-M00Z.mp3,
NHS2-JGOO,NHS2-JGOO,,audio/mpeg,songs/NHS2-JGOO.mp3,
NHS2-8SSJ,NHS2-8SSJ,,audio/mpeg,songs/NHS2-8SSJ.mp3,
NHS2-JC95,NHS2-JC95,,audio/mpeg,songs/NHS2-JC95.mp3,
NHS2-CY4T,NHS2-CY4T,,audio/mpeg,songs/NHS2-CY4T.mp3,
NHS2-HELI,NHS2-HELI,,audio/mpeg,songs/NHS2-HELI.mp3,
NHS2-U904,NHS2-U904,,audio/mpeg,songs/NHS2-U904.mp3,
NHS2-AFQQ,NHS2-AFQQ,,audio/mpeg,songs/NHS2-AFQQ.mp3,
NHS2-AXMQ,NHS2-AXMQ,,audio/mpeg,songs/NHS2-AXMQ.mp3,
NHS2-55W8,NHS2-55W8,,audio/mpeg,songs/NHS2-55W8.mp3,
NHS2-L9OE,NHS2-L9OE,,audio/mpeg,songs/NHS2-L9OE.mp3,
NHS2-J22Q,NHS2-J22Q,,audio/mpeg,songs/NHS2-J22Q.mp3,
NHS2-LYTO,NHS2-LYTO,,audio/mpeg,songs/NHS2-LYTO.mp3,
NHS2-WXJ5,NHS2-WXJ5,,audio/mpeg,songs/NHS2-WXJ5.mp3,
NHS2-PASM,NHS2-PASM,,audio/mpeg,songs/NHS2-PASM.mp3,
NHS2-UJ4Z,NHS2-UJ4Z,,audio/mpeg,songs/NHS2-UJ4Z.mp3,
NHS2-ZRPA,NHS2-ZRPA,,audio/mpeg,songs/NHS2-ZRPA.mp3,
NHS2-6NC7,NHS2-6NC7,,audio/mpeg,songs/NHS2-6NC7.mp3,
NHS2-GKCY,NHS2-GKCY,,audio/mpeg,songs/NHS2-GKCY.mp3,
NHS2-IVGT,NHS2-IVGT,,audio/mpeg,songs/NHS2-IVGT.mp3,
NHS2-8NAB,NHS2-8NAB,,audio/mpeg,songs/NHS2-8NAB.mp3,
NHS2-4KKI,NHS2-4KKI,,audio/mpeg,songs/NHS2-4KKI.mp3,
NHS2-4H1R,NHS2-4H1R,,audio/mpeg,songs/NHS2-4H1R.mp3,
NHS2-AEWX,NHS2-AEWX,,audio/mpeg,songs/NHS2-AEWX.mp3,
NHS2-CCP4,NHS2-CCP4,,audio/mpeg,songs/NHS2-CCP4.mp3,
NHS2-085Q,NHS2-085Q,,audio/mpeg,songs/NHS2-085Q.mp3,
NHS2-FVGG,NHS2-FVGG,,audio/mpeg,songs/NHS2-FVGG.mp3,
NHS2-S48T,NHS2-S48T,,audio/mpeg,songs/NHS2-S48T.mp3,
NHS2-BHB2,NHS2-BHB2,,audio/mpeg,songs/NHS2-BHB2.mp3,
NHS2-3GZM,NHS2-3GZM,,audio/mpeg,songs/NHS2-3GZM.mp3,
NHS2-5B0Y,NHS2-5B0Y,,audio/mpeg,songs/NHS2-5B0Y.mp3,
NHS2-BCK7,NHS2-BCK7,,audio/mpeg,songs/NHS2-BCK7.mp3,
NHS2-HRC7,NHS2-HRC7,,audio/mpeg,songs/NHS2-HRC7.mp3,
NHS2-JL5D,NHS2-JL5D,,audio/mpeg,songs/NHS2-JL5D.mp3,
NHS2-60XM,NHS2-60XM,,audio/mpeg,songs/NHS2-60XM.mp3,
NHS2-9BBS,NHS2-9BBS,,audio/mpeg,songs/NHS2-9BBS.mp3,
NHS2-FG2C,NHS2-FG2C,,audio/mpeg,songs/NHS2-FG2C.mp3,
NHS2-J69Y,NHS2-J69Y,,audio/mpeg,songs/NHS2-J69Y.mp3,
NHS2-MSYE,NHS2-MSYE,,audio/mpeg,songs/NHS2-MSYE.mp3,
NHS2-PB4T,NHS2-PB4T,,audio/mpeg,songs/NHS2-PB4T.mp3,
NHS2-X1WQ,NHS2-X1WQ,,audio/mpeg,songs/NHS2-X1WQ.mp3,
NHS2-Z96V,NHS2-Z96V,,audio/mpeg,songs/NHS2-Z96V.mp3,
NHS2-ES3W,NHS2-ES3W,,audio/mpeg,songs/NHS2-ES3W.mp3,
NHS2-2YCF,NHS2-2YCF,,audio/mpeg,songs/NHS2-2YCF.mp3,
NHS2-4N10,NHS2-4N10,,audio/mpeg,songs/NHS2-4N10.mp3,
NHS2-58Q4,NHS2-58Q4,,audio/mpeg,songs/NHS2-58Q4.mp3,
NHS2-6B0V,NHS2-6B0V,,audio/mpeg,songs/NHS2-6B0V.mp3,
NHS2-6RXG,NHS2-6RXG,,audio/mpeg,songs/NHS2-6RXG.mp3,
NHS2-EXGU,NHS2-EXGU,,audio/mpeg,songs/NHS2-EXGU.mp3,
NHS2-HMC7,NHS2-HMC7,,audio/mpeg,songs/NHS2-HMC7.mp3,
NHS2-IY3T,NHS2-IY3T,,audio/mpeg,songs/NHS2-IY3T.mp3,
NHS2-K4KN,NHS2-K4KN,,audio/mpeg,songs/NHS2-K4KN.mp3,
NHS2-MLGC,NHS2-MLGC,,audio/mpeg,songs/NHS2-MLGC.mp3,
NHS2-NQLQ,NHS2-NQLQ,,audio/mpeg,songs/NHS2-NQLQ.mp3,
NHS2-XC4A,NHS2-XC4A,,audio/mpeg,songs/NHS2-XC4A.mp3,
NHS2-XRSU,NHS2-XRSU,,audio/mpeg,songs/NHS2-XRSU.mp3,
NHS2-YURR,NHS2-YURR,,audio/mpeg,songs/NHS2-YURR.mp3,
NHS2-5BUU,NHS2-5BUU,,audio/mpeg,songs/NHS2-5BUU.mp3,
NHS2-7J2N,NHS2-7J2N,,audio/mpeg,songs/NHS2-7J2N.mp3,
NHS2-9TJI,NHS2-9TJI,,audio/mpeg,songs/NHS2-9TJI.mp3,
NHS2-AD22,NHS2-AD22,,audio/mpeg,songs/NHS2-AD22.mp3,
NHS2-F27V,NHS2-F27V,,audio/mpeg,songs/NHS2-F27V.mp3,
NHS2-S6AP,NHS2-S6AP,,audio/mpeg,songs/NHS2-S6AP.mp3,
NHS2-WLMB,NHS2-WLMB,,audio/mpeg,songs/NHS2-WLMB.mp3,
NHS2-ZCTI,NHS2-ZCTI,,audio/mpeg,songs/NHS2-ZCTI.mp3,
NHS2-VP4E,NHS2-VP4E,,audio/mpeg,songs/NHS2-VP4E.mp3,
NHS2-3WPM,NHS2-3WPM,,audio/mpeg,songs/NHS2-3WPM.mp3,
NHS2-4MSG,NHS2-4MSG,,audio/mpeg,songs/NHS2-4MSG.mp3,
NHS2-66UQ,NHS2-66UQ,,audio/mpeg,songs/NHS2-66UQ.mp3,
NHS2-AZDQ,NHS2-AZDQ,,audio/mpeg,songs/NHS2-AZDQ.mp3,
NHS2-DW2U,NHS2-DW2U,,audio/mpeg,songs/NHS2-DW2U.mp3,
NHS2-EYN4,NHS2-EYN4,,audio/mpeg,songs/NHS2-EYN4.mp3,
NHS2-ONH7,NHS2-ONH7,,audio/mpeg,songs/NHS2-ONH7.mp3,
NHS2-OS0A,NHS2-OS0A,,audio/mpeg,songs/NHS2-OS0A.mp3,
NHS2-UOE5,NHS2-UOE5,,audio/mpeg,songs/NHS2-UOE5.mp3,
NHS2-KH0L,NHS2-KH0L,,audio/mpeg,songs/NHS2-KH0L.mp3,
NHS2-V3L7,NHS2-V3L7,,audio/mpeg,songs/NHS2-V3L7.mp3,
NHS2-JDTL,NHS2-JDTL,,audio/mpeg,songs/NHS2-JDTL.mp3,
NHS2-OU7B,NHS2-OU7B,,audio/mpeg,songs/NHS2-OU7B.mp3,
NHS2-ZJ3C,NHS2-ZJ3C,,audio/mpeg,songs/NHS2-ZJ3C.mp3,
NHS2-2PWX,NHS2-2PWX,,audio/mpeg,songs/NHS2-2PWX.mp3,
NHS2-JEDY,NHS2-JEDY,,audio/mpeg,songs/NHS2-JEDY.mp3,
NHS2-YY9J,NHS2-YY9J,,audio/mpeg,songs/NHS2-YY9J.mp3,
NHS2-JYMK,NHS2-JYMK,,audio/mpeg,songs/NHS2-JYMK.mp3,
NHS2-1PUD,NHS2-1PUD,,audio/mpeg,songs/NHS2-1PUD.mp3,
NHS2-F1L8,NHS2-F1L8,,audio/mpeg,songs/NHS2-F1L8.mp3,
NHS2-J3ZC,NHS2-J3ZC,,audio/mpeg,songs/NHS2-J3ZC.mp3,
NHS2-JD8G,NHS2-JD8G,,audio/mpeg,songs/NHS2-JD8G.mp3,
NHS2-5IBT,NHS2-5IBT,,audio/mpeg,songs/NHS2-5IBT.mp3,
NHS2-VBI9,NHS2-VBI9,,audio/mpeg,songs/NHS2-VBI9.mp3,
NHS2-3370,NHS2-3370,,audio/mpeg,songs/NHS2-3370.mp3,
NHS2-0NL4,NHS2-0NL4,,audio/mpeg,songs/NHS2-0NL4.mp3,
NHS2-QR1J,NHS2-QR1J,,audio/mpeg,songs/NHS2-QR1J.mp3,
NHS2-TTHU,NHS2-TTHU,,audio/mpeg,songs/NHS2-TTHU.mp3,
NHS2-TFM3,NHS2-TFM3,,audio/mpeg,songs/NHS2-TFM3.mp3,
NHS2-R1O0,NHS2-R1O0,,audio/mpeg,songs/NHS2-R1O0.mp3,
NHS2-NYZE,NHS2-NYZE,,audio/mpeg,songs/NHS2-NYZE.mp3,
NHS2-HJD6,NHS2-HJD6,,audio/mpeg,songs/NHS2-HJD6.mp3,
NHS2-24OH,NHS2-24OH,,audio/mpeg,songs/NHS2-24OH.mp3,
NHS2-7M2U,NHS2-7M2U,,audio/mpeg,songs/NHS2-7M2U.mp3,
NHS2-BPA8,NHS2-BPA8,,audio/mpeg,songs/NHS2-BPA8.mp3,
NHS2-P7C5,NHS2-P7C5,,audio/mpeg,songs/NHS2-P7C5.mp3,
NHS2-UJ0X,NHS2-UJ0X,,audio/mpeg,songs/NHS2-UJ0X.mp3,
NHS2-VVZF,NHS2-VVZF,,audio/mpeg,songs/NHS2-VVZF.mp3,
NHS2-GGHC,NHS2-GGHC,,audio/mpeg,songs/NHS2-GGHC.mp3,
NHS2-IPN6,NHS2-IPN6,,audio/mpeg,songs/NHS2-IPN6.mp3,
NHS2-X86V,NHS2-X86V,,audio/mpeg,songs/NHS2-X86V.mp3,
NHS2-7RR9,NHS2-7RR9,,audio/mpeg,songs/NHS2-7RR9.mp3,
NHS2-8XAP,NHS2-8XAP,,audio/mpeg,songs/NHS2-8XAP.mp3,
NHS2-LG9Y,NHS2-LG9Y,,audio/mpeg,songs/NHS2-LG9Y.mp3,
NHS2-OX4P,NHS2-OX4P,,audio/mpeg,songs/NHS2-OX4P.mp3,
NHS2-KEES,NHS2-KEES,,audio/mpeg,songs/NHS2-KEES.mp3,
NHS2-QUO9,NHS2-QUO9,,audio/mpeg,songs/NHS2-QUO9.mp3,
NHS2-8GIQ,NHS2-8GIQ,,audio/mpeg,songs/NHS2-8GIQ.mp3,
NHS2-4B7D,NHS2-4B7D,,audio/mpeg,songs/NHS2-4B7D.mp3,
NHS2-KFAU,NHS2-KFAU,,audio/mpeg,songs/NHS2-KFAU.mp3,
NHS2-RJC6,NHS2-RJC6,,audio/mpeg,songs/NHS2-RJC6.mp3,
NHS2-2NZO,NHS2-2NZO,,audio/mpeg,songs/NHS2-2NZO.mp3,
NHS2-JQTW,NHS2-JQTW,,audio/mpeg,songs/NHS2-JQTW.mp3,
NHS2-KIYM,NHS2-KIYM,,audio/mpeg,songs/NHS2-KIYM.mp3,
NHS2-DHAP,NHS2-DHAP,,audio/mpeg,songs/NHS2-DHAP.mp3,
NHS2-K16P,NHS2-K16P,,audio/mpeg,songs/NHS2-K16P.mp3,
NHS2-6TYM,NHS2-6TYM,,audio/mpeg,songs/NHS2-6TYM.mp3,
NHS2-T1CP,NHS2-T1CP,,audio/mpeg,songs/NHS2-T1CP.mp3,
NHS2-P426,NHS2-P426,,audio/mpeg,songs/NHS2-P426.mp3,
NHS2-TFXV,NHS2-TFXV,,audio/mpeg,songs/NHS2-TFXV.mp3,
NHS2-0DNB,NHS2-0DNB,,audio/mpeg,songs/NHS2-0DNB.mp3,
NHS2-44DS,NHS2-44DS,,audio/mpeg,songs/NHS2-44DS.mp3,
NHS2-5W94,NHS2-5W94,,audio/mpeg,songs/NHS2-5W94.mp3,
NHS2-K39B,NHS2-K39B,,audio/mpeg,songs/NHS2-K39B.mp3,
NHS2-WZ7J,NHS2-WZ7J,,audio/mpeg,songs/NHS2-WZ7J.mp3,
NHS2-Y0IQ,NHS2-Y0IQ,,audio/mpeg,songs/NHS2-Y0IQ.mp3,
NHS2-MG6Y,NHS2-MG6Y,,audio/mpeg,songs/NHS2-MG6Y.mp3,
NHS2-VXRD,NHS2-VXRD,,audio/mpeg,songs/NHS2-VXRD.mp3,
NHS2-DTDM,NHS2-DTDM,,audio/mpeg,songs/NHS2-DTDM.mp3,
NHS2-QJ8L,NHS2-QJ8L,,audio/mpeg,songs/NHS2-QJ8L.mp3,
NHS2-VZGV,NHS2-VZGV,,audio/mpeg,songs/NHS2-VZGV.mp3,
NHS2-T6S8,NHS2-T6S8,,audio/mpeg,songs/NHS2-T6S8.mp3,
NHS2-W62P,NHS2-W62P,,audio/mpeg,songs/NHS2-W62P.mp3,
NHS2-DX7L,NHS2-DX7L,,audio/mpeg,songs/NHS2-DX7L.mp3,
NHS2-HKI9,NHS2-HKI9,,audio/mpeg,songs/NHS2-HKI9.mp3,
NHS2-8FCW,NHS2-8FCW,,audio/mpeg,songs/NHS2-8FCW.mp3,
NHS2-3IQ4,NHS2-3IQ4,,audio/mpeg,songs/NHS2-3IQ4.mp3,
NHS2-C5L4,NHS2-C5L4,,audio/mpeg,songs/NHS2-C5L4.mp3,
NHS2-56CF,NHS2-56CF,,audio/mpeg,songs/NHS2-56CF.mp3,
NHS2-NPYD,NHS2-NPYD,,audio/mpeg,songs/NHS2-NPYD.mp3,
NHS2-MQEX,NHS2-MQEX,,audio/mpeg,songs/NHS2-MQEX.mp3,
NHS2-PCMH,NHS2-PCMH,,audio/mpeg,songs/NHS2-PCMH.mp3,
NHS2-T2OE,NHS2-T2OE,,audio/mpeg,songs/NHS2-T2OE.mp3,
NHS2-H187,NHS2-H187,,audio/mpeg,songs/NHS2-H187.mp3,
NHS2-CRJW,NHS2-CRJW,,audio/mpeg,songs/NHS2-CRJW.mp3,
NHS2-SBII,NHS2-SBII,,audio/mpeg,songs/NHS2-SBII.mp3,
NHS2-PSEZ,NHS2-PSEZ,,audio/mpeg,songs/NHS2-PSEZ.mp3,
NHS2-G277,NHS2-G277,,audio/mpeg,songs/NHS2-G277.mp3,
NHS2-2ZO6,NHS2-2ZO6,,audio/mpeg,songs/NHS2-2ZO6.mp3,
NHS2-0NQ8,NHS2-0NQ8,,audio/mpeg,songs/NHS2-0NQ8.mp3,
NHS2-KZJ0,NHS2-KZJ0,,audio/mpeg,songs/NHS2-KZJ0.mp3,
NHS2-P2A1,NHS2-P2A1,,audio/mpeg,songs/NHS2-P2A1.mp3,
NHS2-MGHC,NHS2-MGHC,,audio/mpeg,songs/NHS2-MGHC.mp3,
NHS2-UH4B,NHS2-UH4B,,audio/mpeg,songs/NHS2-UH4B.mp3,
NHS2-ZHE1,NHS2-ZHE1,,audio/mpeg,songs/NHS2-ZHE1.mp3,
NHS2-17SD,NHS2-17SD,,audio/mpeg,songs/NHS2-17SD.mp3,
NHS2-44OX,NHS2-44OX,,audio/mpeg,songs/NHS2-44OX.mp3,
NHS2-YG7G,NHS2-YG7G,,audio/mpeg,songs/NHS2-YG7G.mp3,
NHS2-MWH7,NHS2-MWH7,,audio/mpeg,songs/NHS2-MWH7.mp3,
NHS2-33X8,NHS2-33X8,,audio/mpeg,songs/NHS2-33X8.mp3,
NHS2-UDQJ,NHS2-UDQJ,,audio/mpeg,songs/NHS2-UDQJ.mp3,
NHS2-30HL,NHS2-30HL,,audio/mpeg,songs/NHS2-30HL.mp3,
NHS2-IR7K,NHS2-IR7K,,audio/mpeg,songs/NHS2-IR7K.mp3,
NHS2-D16Y,NHS2-D16Y,,audio/mpeg,songs/NHS2-D16Y.mp3,
NHS2-O2X0,NHS2-O2X0,,audio/mpeg,songs/NHS2-O2X0.mp3,
NHS2-9AU4,NHS2-9AU4,,audio/mpeg,songs/NHS2-9AU4.mp3,
NHS2-LY5K,NHS2-LY5K,,audio/mpeg,songs/NHS2-LY5K.mp3,
NHS2-64UT,NHS2-64UT,,audio/mpeg,songs/NHS2-64UT.mp3,
NHS2-QE86,NHS2-QE86,,audio/mpeg,songs/NHS2-QE86.mp3,
NHS2-UO2B,NHS2-UO2B,,audio/mpeg,songs/NHS2-UO2B.mp3,
NHS2-WO9S,NHS2-WO9S,,audio/mpeg,songs/NHS2-WO9S.mp3,
NHS2-JJPZ,NHS2-JJPZ,,audio/mpeg,songs/NHS2-JJPZ.mp3,
NHS2-T018,NHS2-T018,,audio/mpeg,songs/NHS2-T018.mp3,
NHS2-ET5D,NHS2-ET5D,,audio/mpeg,songs/NHS2-ET5D.mp3,
NHS2-K0S3,NHS2-K0S3,,audio/mpeg,songs/NHS2-K0S3.mp3,
NHS2-7TO4,NHS2-7TO4,,audio/mpeg,songs/NHS2-7TO4.mp3,
NHS2-0TA2,NHS2-0TA2,,audio/mpeg,songs/NHS2-0TA2.mp3,
NHS2-VP4X,NHS2-VP4X,,audio/mpeg,songs/NHS2-VP4X.mp3,
NHS2-HMFN,NHS2-HMFN,,audio/mpeg,songs/NHS2-HMFN.mp3,
NHS2-XDF4,NHS2-XDF4,,audio/mpeg,songs/NHS2-XDF4.mp3,
NHS2-UXKZ,NHS2-UXKZ,,audio/mpeg,songs/NHS2-UXKZ.mp3,
NHS2-FBJU,NHS2-FBJU,,audio/mpeg,songs/NHS2-FBJU.mp3,
NHS2-1O99,NHS2-1O99,,audio/mpeg,songs/NHS2-1O99.mp3,
NHS2-HXRM,NHS2-HXRM,,audio/mpeg,songs/NHS2-HXRM.mp3,
NHS2-2RHZ,NHS2-2RHZ,,audio/mpeg,songs/NHS2-2RHZ.mp3,
NHS2-UWXD,NHS2-UWXD,,audio/mpeg,songs/NHS2-UWXD.mp3,
NHS2-25NZ,NHS2-25NZ,,audio/mpeg,songs/NHS2-25NZ.mp3,
NHS2-2QZ5,NHS2-2QZ5,,audio/mpeg,songs/NHS2-2QZ5.mp3,
NHS2-1EJJ,NHS2-1EJJ,,audio/mpeg,songs/NHS2-1EJJ.mp3,
NHS2-DSTK,NHS2-DSTK,,audio/mpeg,songs/NHS2-DSTK.mp3,
NHS2-UL4E,NHS2-UL4E,,audio/mpeg,songs/NHS2-UL4E.mp3,
NHS2-ZW00,NHS2-ZW00,,audio/mpeg,songs/NHS2-ZW00.mp3,
NHS2-VXQK,NHS2-VXQK,,audio/mpeg,songs/NHS2-VXQK.mp3,
NHS2-M0QV,NHS2-M0QV,,audio/mpeg,songs/NHS2-M0QV.mp3,
NHS2-WQYY,NHS2-WQYY,,audio/mpeg,songs/NHS2-WQYY.mp3,
NHS2-V0ZT,NHS2-V0ZT,,audio/mpeg,songs/NHS2-V0ZT.mp3,
NHS2-ZLK3,NHS2-ZLK3,,audio/mpeg,songs/NHS2-ZLK3.mp3,
NHS2-6IKY,NHS2-6IKY,,audio/mpeg,songs/NHS2-6IKY.mp3,
NHS2-KESR,NHS2-KESR,,audio/mpeg,songs/NHS2-KESR.mp3,
NHS2-PJDT,NHS2-PJDT,,audio/mpeg,songs/NHS2-PJDT.mp3,
NHS2-A7EF,NHS2-A7EF,,audio/mpeg,songs/NHS2-A7EF.mp3,
NHS2-8WO9,NHS2-8WO9,,audio/mpeg,songs/NHS2-8WO9.mp3,
NHS2-DNTO,NHS2-DNTO,,audio/mpeg,songs/NHS2-DNTO.mp3,
NHS2-MZ0X,NHS2-MZ0X,,audio/mpeg,songs/NHS2-MZ0X.mp3,
NHS2-YWDM,NHS2-YWDM,,audio/mpeg,songs/NHS2-YWDM.mp3,
NHS2-945J,NHS2-945J,,audio/mpeg,songs/NHS2-945J.mp3,
NHS2-JDU3,NHS2-JDU3,,audio/mpeg,songs/NHS2-JDU3.mp3,
NHS2-RSUK,NHS2-RSUK,,audio/mpeg,songs/NHS2-RSUK.mp3,
NHS2-T3VD,NHS2-T3VD,,audio/mpeg,songs/NHS2-T3VD.mp3,
NHS2-85GU,NHS2-85GU,,audio/mpeg,songs/NHS2-85GU.mp3,
NHS2-G3FF,NHS2-G3FF,,audio/mpeg,songs/NHS2-G3FF.mp3,
NHS2-XTVF,NHS2-XTVF,,audio/mpeg,songs/NHS2-XTVF.mp3,
NHS2-EVMY,NHS2-EVMY,,audio/mpeg,songs/NHS2-EVMY.mp3,
NHS2-FSVL,NHS2-FSVL,,audio/mpeg,songs/NHS2-FSVL.mp3,
NHS2-FSYR,NHS2-FSYR,,audio/mpeg,songs/NHS2-FSYR.mp3,
NHS2-NH07,NHS2-NH07,,audio/mpeg,songs/NHS2-NH07.mp3,
NHS2-PNXC,NHS2-PNXC,,audio/mpeg,songs/NHS2-PNXC.mp3,
NHS2-SI3B,NHS2-SI3B,,audio/mpeg,songs/NHS2-SI3B.mp3,
NHS2-UJC0,NHS2-UJC0,,audio/mpeg,songs/NHS2-UJC0.mp3,
NHS2-UO3R,NHS2-UO3R,,audio/mpeg,songs/NHS2-UO3R.mp3,
NHS2-VAAN,NHS2-VAAN,,audio/mpeg,songs/NHS2-VAAN.mp3,
NHS2-YP5F,NHS2-YP5F,,audio/mpeg,songs/NHS2-YP5F.mp3,
NHS2-02B5,NHS2-02B5,,audio/mpeg,songs/NHS2-02B5.mp3,
NHS2-3QA7,NHS2-3QA7,,audio/mpeg,songs/NHS2-3QA7.mp3,
NHS2-HMPO,NHS2-HMPO,,audio/mpeg,songs/NHS2-HMPO.mp3,
NHS2-IEJB,NHS2-IEJB,,audio/mpeg,songs/NHS2-IEJB.mp3,
NHS2-JP5C,NHS2-JP5C,,audio/mpeg,songs/NHS2-JP5C.mp3,
NHS2-W025,NHS2-W025,,audio/mpeg,songs/NHS2-W025.mp3,
NHS2-E2BN,NHS2-E2BN,,audio/mpeg,songs/NHS2-E2BN.mp3,
NHS2-BATN,NHS2-BATN,,audio/mpeg,songs/NHS2-BATN.mp3,
NHS2-QFKF,NHS2-QFKF,,audio/mpeg,songs/NHS2-QFKF.mp3,
NHS2-EOE6,NHS2-EOE6,,audio/mpeg,songs/NHS2-EOE6.mp3,
NHS2-5D0K,NHS2-5D0K,,audio/mpeg,songs/NHS2-5D0K.mp3,
NHS2-DJGN,NHS2-DJGN,,audio/mpeg,songs/NHS2-DJGN.mp3,
NHS2-06LY,NHS2-06LY,,audio/mpeg,songs/NHS2-06LY.mp3,
NHS2-V7CJ,NHS2-V7CJ,,audio/mpeg,songs/NHS2-V7CJ.mp3,
NHS2-NI7X,NHS2-NI7X,,audio/mpeg,songs/NHS2-NI7X.mp3,
NHS2-4BXQ,NHS2-4BXQ,,audio/mpeg,songs/NHS2-4BXQ.mp3,
NHS2-8LF0,NHS2-8LF0,,audio/mpeg,songs/NHS2-8LF0.mp3,
NHS2-59RG,NHS2-59RG,,audio/mpeg,songs/NHS2-59RG.mp3,
NHS2-PN13,NHS2-PN13,,audio/mpeg,songs/NHS2-PN13.mp3,
NHS2-0Q6G,NHS2-0Q6G,,audio/mpeg,songs/NHS2-0Q6G.mp3,
NHS2-UPIC,NHS2-UPIC,,audio/mpeg,songs/NHS2-UPIC.mp3,
NHS2-UELN,NHS2-UELN,,audio/mpeg,songs/NHS2-UELN.mp3,
NHS2-6JVA,NHS2-6JVA,,audio/mpeg,songs/NHS2-6JVA.mp3,
NHS2-50PO,NHS2-50PO,,audio/mpeg,songs/NHS2-50PO.mp3,
NHS2-NE2L,NHS2-NE2L,,audio/mpeg,songs/NHS2-NE2L.mp3,
NHS2-CLZB,NHS2-CLZB,,audio/mpeg,songs/NHS2-CLZB.mp3,
NHS2-YVEE,NHS2-YVEE,,audio/mpeg,songs/NHS2-YVEE.mp3,
NHS2-X0I4,NHS2-X0I4,,audio/mpeg,songs/NHS2-X0I4.mp3,
NHS2-OP3Q,NHS2-OP3Q,,audio/mpeg,songs/NHS2-OP3Q.mp3,
NHS2-42U2,NHS2-42U2,,audio/mpeg,songs/NHS2-42U2.mp3,
NHS2-5KU4,NHS2-5KU4,,audio/mpeg,songs/NHS2-5KU4.mp3,
NHS2-9Y4I,NHS2-9Y4I,,audio/mpeg,songs/NHS2-9Y4I.mp3,
NHS2-YLEN,NHS2-YLEN,,audio/mpeg,songs/NHS2-YLEN.mp3,
NHS2-N13N,NHS2-N13N,,audio/mpeg,songs/NHS2-N13N.mp3,
NHS2-K2OH,NHS2-K2OH,,audio/mpeg,songs/NHS2-K2OH.mp3,
NHS2-JCFF,NHS2-JCFF,,audio/mpeg,songs/NHS2-JCFF.mp3,
NHS2-SCB2,NHS2-SCB2,,audio/mpeg,songs/NHS2-SCB2.mp3,
NHS2-1SJM,NHS2-1SJM,,audio/mpeg,songs/NHS2-1SJM.mp3,
NHS2-6IWA,NHS2-6IWA,,audio/mpeg,songs/NHS2-6IWA.mp3,
NHS2-EZD1,NHS2-EZD1,,audio/mpeg,songs/NHS2-EZD1.mp3,
NHS2-KOWN,NHS2-KOWN,,audio/mpeg,songs/NHS2-KOWN.mp3,
NHS2-DE8R,NHS2-DE8R,,audio/mpeg,songs/NHS2-DE8R.mp3,
NHS2-PKDR,NHS2-PKDR,,audio/mpeg,songs/NHS2-PKDR.mp3,
NHS2-O8KV,NHS2-O8KV,,audio/mpeg,songs/NHS2-O8KV.mp3,
NHS2-K74G,NHS2-K74G,,audio/mpeg,songs/NHS2-K74G.mp3,
NHS2-A0SS,NHS2-A0SS,,audio/mpeg,songs/NHS2-A0SS.mp3,
NHS2-BUR0,NHS2-BUR0,,audio/mpeg,songs/NHS2-BUR0.mp3,
NHS2-3EPZ,NHS2-3EPZ,,audio/mpeg,songs/NHS2-3EPZ.mp3,
NHS2-KIWV,NHS2-KIWV,,audio/mpeg,songs/NHS2-KIWV.mp3,
NHS2-TLF3,NHS2-TLF3,,audio/mpeg,songs/NHS2-TLF3.mp3,
NHS2-SCTO,NHS2-SCTO,,audio/mpeg,songs/NHS2-SCTO.mp3,
NHS2-60WA,NHS2-60WA,,audio/mpeg,songs/NHS2-60WA.mp3,
NHS2-IO1X,NHS2-IO1X,,audio/mpeg,songs/NHS2-IO1X.mp3,
NHS2-UF4Y,NHS2-UF4Y,,audio/mpeg,songs/NHS2-UF4Y.mp3,
NHS2-KAEC,NHS2-KAEC,,audio/mpeg,songs/NHS2-KAEC.mp3,
NHS2-3MPW,NHS2-3MPW,,audio/mpeg,songs/NHS2-3MPW.mp3,
NHS2-RSEC,NHS2-RSEC,,audio/mpeg,songs/NHS2-RSEC.mp3,
