ID,Language_ID,Parameter_ID,Value,Code_ID,Comment,Source,Song_ID,Type_ID
NHS2-FSD4,oriy1255,song,y,Love,,,NHS2-FSD4,
NHS2-TBMU,abkh1244,song,y,Dance,,,NHS2-TBMU,
NHS2-KK34,abkh1244,song,y,Mourning,,,NHS2-KK34,
NHS2-NLXG,abkh1244,song,y,Mourning,,,NHS2-NLXG,
NHS2-2PAA,abkh1244,song,y,Praise,,,NHS2-2PAA,
NHS2-AGW9,abkh1244,song,y,Praise,,,NHS2-AGW9,
NHS2-U0D9,abkh1244,song,y,Praise,,,NHS2-U0D9,
NHS2-Z8E6,abkh1244,song,y,Praise,,,NHS2-Z8E6,
NHS2-M2XD,abkh1244,song,y,Procession,,,NHS2-M2XD,
NHS2-6HQM,abkh1244,song,y,Story,,,NHS2-6HQM,
NHS2-8K9B,abkh1244,song,y,Work,,,NHS2-8K9B,
NHS2-VRBB,acol1236,song,y,Lullaby,,,NHS2-VRBB,
NHS2-P594,acol1236,song,y,Play,,,NHS2-P594,
NHS2-79G9,afar1241,song,y,Work,,,NHS2-79G9,
NHS2-5H86,ainu1240,song,y,Dance,,,NHS2-5H86,
NHS2-KTO4,ainu1240,song,y,Love,,,NHS2-KTO4,
NHS2-4RBL,ainu1240,song,y,Lullaby,,,NHS2-4RBL,
NHS2-9YBX,akan1250,song,y,Dance,,,NHS2-9YBX,
NHS2-Y649,akan1250,song,y,Dance,,,NHS2-Y649,
NHS2-XRSS,akan1250,song,y,Healing,,,NHS2-XRSS,
NHS2-B0QQ,akan1250,song,y,Lullaby,,,NHS2-B0QQ,
NHS2-NFZO,akan1250,song,y,Mourning,,,NHS2-NFZO,
NHS2-8MOZ,alba1267,song,y,Lullaby,,,NHS2-8MOZ,
NHS2-EG2U,alba1267,song,y,Praise,,,NHS2-EG2U,
NHS2-Z7UP,alur1250,song,y,Play,,,NHS2-Z7UP,
NHS2-5M11,aman1265,song,y,Work,,,NHS2-5M11,
NHS2-FNOC,amer1254,song,y,Mourning,,,NHS2-FNOC,
NHS2-VN77,amer1254,song,y,Mourning,,,NHS2-VN77,
NHS2-C07W,amha1245,song,y,Love,,,NHS2-C07W,
NHS2-HFUR,amha1245,song,y,Praise,,,NHS2-HFUR,
NHS2-R4T4,amis1246,song,y,Work,,,NHS2-R4T4,
NHS2-X9CV,anga1288,song,y,Love,,,NHS2-X9CV,
NHS2-D3XG,anta1255,song,y,Praise,,,NHS2-D3XG,
NHS2-1JW6,anti1245,song,y,Dance,,,NHS2-1JW6,
NHS2-3LQ4,anti1245,song,y,Dance,,,NHS2-3LQ4,
NHS2-ERLW,anti1245,song,y,Lullaby,,,NHS2-ERLW,
NHS2-IX9E,anti1245,song,y,Story,,,NHS2-IX9E,
NHS2-F1GZ,anti1245,song,y,Work,,,NHS2-F1GZ,
NHS2-S2B4,anti1245,song,y,Work,,,NHS2-S2B4,
NHS2-1IVN,arab1395,song,y,Procession,,,NHS2-1IVN,
NHS2-XHF3,arhu1242,song,y,Dance,,,NHS2-XHF3,
NHS2-4KP9,arhu1242,song,y,Healing,,,NHS2-4KP9,
NHS2-UOFC,arom1237,song,y,Dance,,,NHS2-UOFC,
NHS2-MKSQ,arom1237,song,y,Procession,,,NHS2-MKSQ,
NHS2-WJTO,arom1237,song,y,Procession,,,NHS2-WJTO,
NHS2-6N1B,atay1247,song,y,Love,,,NHS2-6N1B,
NHS2-LXQB,atla1275,song,y,Procession,,,NHS2-LXQB,
NHS2-GOPJ,aush1241,song,y,Dance,,,NHS2-GOPJ,
NHS2-5T4A,aush1241,song,y,Love,,,NHS2-5T4A,
NHS2-DG59,ayac1239,song,y,Love,,,NHS2-DG59,
NHS2-6NUZ,ayac1239,song,y,Mourning,,,NHS2-6NUZ,
NHS2-ERSV,ayac1239,song,y,Praise,,,NHS2-ERSV,
NHS2-LEX9,ayac1239,song,y,Work,,,NHS2-LEX9,
NHS2-LKVC,baeg1237,song,y,Lullaby,,,NHS2-LKVC,
NHS2-JZTN,baeg1237,song,y,Story,,,NHS2-JZTN,
NHS2-I3W7,bafu1246,song,y,Lullaby,,,NHS2-I3W7,
NHS2-I88T,baic1239,song,y,Love,,,NHS2-I88T,
NHS2-JWTI,bali1278,song,y,Love,,,NHS2-JWTI,
NHS2-HBHZ,bamb1264,song,y,Story,,,NHS2-HBHZ,
NHS2-S814,bant1295,song,y,Story,,,NHS2-S814,
NHS2-O4JO,bard1255,song,y,Dance,,,NHS2-O4JO,
NHS2-6ZL9,basq1248,song,y,Dance,,,NHS2-6ZL9,
NHS2-733A,basq1248,song,y,Love,,,NHS2-733A,
NHS2-E2SX,basq1248,song,y,Love,,,NHS2-E2SX,
NHS2-TBBB,basq1248,song,y,Lullaby,,,NHS2-TBBB,
NHS2-J2V9,basq1248,song,y,Praise,,,NHS2-J2V9,
NHS2-YLV9,basq1248,song,y,Praise,,,NHS2-YLV9,
NHS2-MF7G,basq1248,song,y,Story,,,NHS2-MF7G,
NHS2-WGYL,basq1248,song,y,Work,,,NHS2-WGYL,
NHS2-XQVH,bava1246,song,y,Work,,,NHS2-XQVH,
NHS2-6VND,beja1238,song,y,Procession,,,NHS2-6VND,
NHS2-XP8A,bemb1257,song,y,Play,,,NHS2-XP8A,
NHS2-CVSK,beng1280,song,y,Love,,,NHS2-CVSK,
NHS2-VMFK,beng1280,song,y,Story,,,NHS2-VMFK,
NHS2-AGU1,beng1280,song,y,Work,,,NHS2-AGU1,
NHS2-ZMI9,beng1280,song,y,Work,,,NHS2-ZMI9,
NHS2-330H,bhoj1244,song,y,Healing,,,NHS2-330H,
NHS2-1MOO,bhoj1244,song,y,Story,,,NHS2-1MOO,
NHS2-XMW2,bhoj1244,song,y,Story,,,NHS2-XMW2,
NHS2-DMS2,bila1255,song,y,Healing,,,NHS2-DMS2,
NHS2-YYR4,boro1282,song,y,Mourning,,,NHS2-YYR4,
NHS2-DYV5,boro1282,song,y,Work,,,NHS2-DYV5,
NHS2-IED2,bosn1245,song,y,Lullaby,,,NHS2-IED2,
NHS2-C2VY,bukh1238,song,y,Dance,,,NHS2-C2VY,
NHS2-2FZK,bukh1238,song,y,Love,,,NHS2-2FZK,
NHS2-340R,bukh1238,song,y,Love,,,NHS2-340R,
NHS2-IMHK,bulg1262,song,y,Dance,,,NHS2-IMHK,
NHS2-P42P,bulg1262,song,y,Dance,,,NHS2-P42P,
NHS2-HT2F,bulg1262,song,y,Mourning,,,NHS2-HT2F,
NHS2-8IBT,bulg1262,song,y,Praise,,,NHS2-8IBT,
NHS2-3SLN,bulg1262,song,y,Procession,,,NHS2-3SLN,
NHS2-MOYD,bulg1262,song,y,Procession,,,NHS2-MOYD,
NHS2-0R25,bulg1262,song,y,Story,,,NHS2-0R25,
NHS2-11ZR,bulg1262,song,y,Story,,,NHS2-11ZR,
NHS2-6HA2,bulg1262,song,y,Story,,,NHS2-6HA2,
NHS2-CG2V,bulg1262,song,y,Story,,,NHS2-CG2V,
NHS2-5WIE,bulg1262,song,y,Work,,,NHS2-5WIE,
NHS2-JIPH,bulg1262,song,y,Work,,,NHS2-JIPH,
NHS2-JLQ7,bulg1262,song,y,Work,,,NHS2-JLQ7,
NHS2-T05D,bulg1262,song,y,Work,,,NHS2-T05D,
NHS2-M2W6,bulu1251,song,y,Praise,,,NHS2-M2W6,
NHS2-NS9J,bulu1251,song,y,Praise,,,NHS2-NS9J,
NHS2-5NN8,bulu1251,song,y,Story,,,NHS2-5NN8,
NHS2-RVXZ,bulu1251,song,y,Work,,,NHS2-RVXZ,
NHS2-BK1J,bunu1267,song,y,Healing,,,NHS2-BK1J,
NHS2-P3GF,bunu1267,song,y,Healing,,,NHS2-P3GF,
NHS2-NSJK,bunu1267,song,y,Praise,,,NHS2-NSJK,
NHS2-CDWZ,bunu1267,song,y,Work,,,NHS2-CDWZ,
NHS2-EMO1,buru1296,song,y,Love,,,NHS2-EMO1,
NHS2-CS8N,buru1296,song,y,Mourning,,,NHS2-CS8N,
NHS2-4MJ7,cala1254,song,y,Work,,,NHS2-4MJ7,
NHS2-U21V,cayu1261,song,y,Healing,,,NHS2-U21V,
NHS2-0DSZ,cent1972,song,y,Dance,,,NHS2-0DSZ,
NHS2-6LBX,cent1972,song,y,Love,,,NHS2-6LBX,
NHS2-985K,cent1972,song,y,Love,,,NHS2-985K,
NHS2-SN80,cent1972,song,y,Love,,,NHS2-SN80,
NHS2-V3JT,cent1972,song,y,Love,,,NHS2-V3JT,
NHS2-X9YD,cent1972,song,y,Love,,,NHS2-X9YD,
NHS2-YRRB,cent1972,song,y,Love,,,NHS2-YRRB,
NHS2-T8GK,cent1972,song,y,Lullaby,,,NHS2-T8GK,
NHS2-EAKC,cent1972,song,y,Mourning,,,NHS2-EAKC,
NHS2-V8Y5,cent1972,song,y,Praise,,,NHS2-V8Y5,
NHS2-OXV1,cent2018,song,y,Love,,,NHS2-OXV1,
NHS2-VBEZ,cent2126,song,y,Lullaby,,,NHS2-VBEZ,
NHS2-0459,cent2126,song,y,Work,,,NHS2-0459,
NHS2-O8Q2,cent2127,song,y,Praise,,,NHS2-O8Q2,
NHS2-A6ZN,cent2131,song,y,Story,,,NHS2-A6ZN,
NHS2-JRIA,cent2142,song,y,Lullaby,,,NHS2-JRIA,
NHS2-42H9,cent2142,song,y,Work,,,NHS2-42H9,
NHS2-0878,cent2194,song,y,Praise,,,NHS2-0878,
NHS2-B9PR,cent2225,song,y,Dance,,,NHS2-B9PR,
NHS2-LQB9,chac1249,song,y,Dance,,,NHS2-LQB9,
NHS2-XJ7U,chac1249,song,y,Healing,,,NHS2-XJ7U,
NHS2-ZGKC,chac1249,song,y,Healing,,,NHS2-ZGKC,
NHS2-J6LT,chad1249,song,y,Praise,,,NHS2-J6LT,
NHS2-IPF3,chak1266,song,y,Love,,,NHS2-IPF3,
NHS2-S7VB,chak1266,song,y,Lullaby,,,NHS2-S7VB,
NHS2-AQU5,chak1266,song,y,Story,,,NHS2-AQU5,
NHS2-UGUF,cher1273,song,y,Lullaby,,,NHS2-UGUF,
NHS2-KTHL,chey1247,song,y,Play,,,NHS2-KTHL,
NHS2-BU0J,chig1238,song,y,Lullaby,,,NHS2-BU0J,
NHS2-U13X,chip1241,song,y,Love,,,NHS2-U13X,
NHS2-9K3U,choc1280,song,y,Dance,,,NHS2-9K3U,
NHS2-979H,chok1245,song,y,Mourning,,,NHS2-979H,
NHS2-2BQL,chuk1273,song,y,Dance,,,NHS2-2BQL,
NHS2-MQJA,chuk1273,song,y,Dance,,,NHS2-MQJA,
NHS2-KEAW,chuk1273,song,y,Lullaby,,,NHS2-KEAW,
NHS2-8HH5,chuk1273,song,y,Work,,,NHS2-8HH5,
NHS2-V8VZ,chuk1273,song,y,Work,,,NHS2-V8VZ,
NHS2-O9IK,chuu1238,song,y,Healing,,,NHS2-O9IK,
NHS2-SXIG,chuu1238,song,y,Love,,,NHS2-SXIG,
NHS2-6U9V,coca1259,song,y,Dance,,,NHS2-6U9V,
NHS2-405L,cogu1240,song,y,Healing,,,NHS2-405L,
NHS2-TKZU,cogu1240,song,y,Love,,,NHS2-TKZU,
NHS2-QU3B,cree1272,song,y,Dance,,,NHS2-QU3B,
NHS2-6C8Y,croa1245,song,y,Love,,,NHS2-6C8Y,
NHS2-CV77,croa1245,song,y,Procession,,,NHS2-CV77,
NHS2-YCNL,cusc1236,song,y,Love,,,NHS2-YCNL,
NHS2-EPF6,cusc1236,song,y,Lullaby,,,NHS2-EPF6,
NHS2-MY33,cusc1236,song,y,Procession,,,NHS2-MY33,
NHS2-74S4,cusc1236,song,y,Story,,,NHS2-74S4,
NHS2-7A2U,czec1258,song,y,Love,,,NHS2-7A2U,
NHS2-XYGX,czec1258,song,y,Lullaby,,,NHS2-XYGX,
NHS2-LFIO,dako1258,song,y,Praise,,,NHS2-LFIO,
NHS2-FIKU,dama1270,song,y,Healing,,,NHS2-FIKU,
NHS2-46KG,dani1285,song,y,Lullaby,,,NHS2-46KG,
NHS2-BX30,dani1285,song,y,Praise,,,NHS2-BX30,
NHS2-R09B,dari1249,song,y,Love,,,NHS2-R09B,
NHS2-A55H,dhuw1249,song,y,Love,,,NHS2-A55H,
NHS2-OEHE,dizi1235,song,y,Procession,,,NHS2-OEHE,
NHS2-1BVB,djap1238,song,y,Mourning,,,NHS2-1BVB,
NHS2-6W0X,domi1242,song,y,Mourning,,,NHS2-6W0X,
NHS2-J76G,drav1251,song,y,Work,,,NHS2-J76G,
NHS2-UPEJ,drav1251,song,y,Work,,,NHS2-UPEJ,
NHS2-EOAH,duma1252,song,y,Story,,,NHS2-EOAH,
NHS2-08KZ,duma1253,song,y,Work,,,NHS2-08KZ,
NHS2-1K35,duma1253,song,y,Work,,,NHS2-1K35,
NHS2-LFJR,dutc1256,song,y,Dance,,,NHS2-LFJR,
NHS2-ZAHV,dutc1256,song,y,Lullaby,,,NHS2-ZAHV,
NHS2-EOJ6,dutc1256,song,y,Story,,,NHS2-EOJ6,
NHS2-KG5I,dutc1256,song,y,Story,,,NHS2-KG5I,
NHS2-OAVX,dutc1256,song,y,Story,,,NHS2-OAVX,
NHS2-QNJC,dutc1256,song,y,Story,,,NHS2-QNJC,
NHS2-R21G,dutc1256,song,y,Story,,,NHS2-R21G,
NHS2-RHJB,dutc1256,song,y,Story,,,NHS2-RHJB,
NHS2-SJTH,dutc1256,song,y,Story,,,NHS2-SJTH,
NHS2-K5DQ,east2534,song,y,Dance,,,NHS2-K5DQ,
NHS2-OAN3,east2534,song,y,Dance,,,NHS2-OAN3,
NHS2-XOBH,east2534,song,y,Healing,,,NHS2-XOBH,
NHS2-HDX7,east2534,song,y,Lullaby,,,NHS2-HDX7,
NHS2-WBOH,east2534,song,y,Lullaby,,,NHS2-WBOH,
NHS2-DAQN,east2534,song,y,Play,,,NHS2-DAQN,
NHS2-V02B,east2534,song,y,Play,,,NHS2-V02B,
NHS2-WX18,east2534,song,y,Story,,,NHS2-WX18,
NHS2-ZRGY,ecua1248,song,y,Healing,,,NHS2-ZRGY,
NHS2-GSNT,eipo1242,song,y,Healing,,,NHS2-GSNT,
NHS2-J94J,eipo1242,song,y,Mourning,,,NHS2-J94J,
NHS2-UYWH,eipo1242,song,y,Mourning,,,NHS2-UYWH,
NHS2-RH4A,elna1235,song,y,Dance,,,NHS2-RH4A,
NHS2-966Z,elna1235,song,y,Work,,,NHS2-966Z,
NHS2-HO68,elna1235,song,y,Work,,,NHS2-HO68,
NHS2-W3SC,emil1243,song,y,Praise,,,NHS2-W3SC,
NHS2-61T0,esto1258,song,y,Lullaby,,,NHS2-61T0,
NHS2-T4JD,even1259,song,y,Dance,,,NHS2-T4JD,
NHS2-WKJ6,even1259,song,y,Dance,,,NHS2-WKJ6,
NHS2-3T3T,even1259,song,y,Healing,,,NHS2-3T3T,
NHS2-4NOR,even1259,song,y,Healing,,,NHS2-4NOR,
NHS2-QAHO,ewee1241,song,y,Dance,,,NHS2-QAHO,
NHS2-T8UF,fang1246,song,y,Love,,,NHS2-T8UF,
NHS2-NGPL,fata1245,song,y,Story,,,NHS2-NGPL,
NHS2-UDIY,fiji1243,song,y,Play,,,NHS2-UDIY,
NHS2-VBO3,finn1318,song,y,Love,,,NHS2-VBO3,
NHS2-AIGL,finn1318,song,y,Mourning,,,NHS2-AIGL,
NHS2-LFHL,gali1262,song,y,Healing,,,NHS2-LFHL,
NHS2-INOD,gali1262,song,y,Mourning,,,NHS2-INOD,
NHS2-SZHN,gali1262,song,y,Mourning,,,NHS2-SZHN,
NHS2-NIM5,gand1255,song,y,Healing,,,NHS2-NIM5,
NHS2-GXXC,gand1255,song,y,Lullaby,,,NHS2-GXXC,
NHS2-O5RD,gand1255,song,y,Play,,,NHS2-O5RD,
NHS2-131U,gari1256,song,y,Dance,,,NHS2-131U,
NHS2-LO2V,gari1256,song,y,Dance,,,NHS2-LO2V,
NHS2-YTTL,gari1256,song,y,Dance,,,NHS2-YTTL,
NHS2-13WN,gari1256,song,y,Love,,,NHS2-13WN,
NHS2-9EQ3,gari1256,song,y,Lullaby,,,NHS2-9EQ3,
NHS2-GYY9,gari1256,song,y,Lullaby,,,NHS2-GYY9,
NHS2-AHRQ,gari1256,song,y,Mourning,,,NHS2-AHRQ,
NHS2-L4ES,gari1256,song,y,Praise,,,NHS2-L4ES,
NHS2-7LJJ,gari1256,song,y,Procession,,,NHS2-7LJJ,
NHS2-O4O6,gari1256,song,y,Procession,,,NHS2-O4O6,
NHS2-7O44,gari1256,song,y,Story,,,NHS2-7O44,
NHS2-UVHG,gari1256,song,y,Story,,,NHS2-UVHG,
NHS2-D9WG,gari1256,song,y,Work,,,NHS2-D9WG,
NHS2-G0G2,garo1247,song,y,Dance,,,NHS2-G0G2,
NHS2-DN12,gheg1238,song,y,Lullaby,,,NHS2-DN12,
NHS2-53YA,gilb1244,song,y,Dance,,,NHS2-53YA,
NHS2-84QJ,gily1242,song,y,Lullaby,,,NHS2-84QJ,
NHS2-BMTG,gily1242,song,y,Lullaby,,,NHS2-BMTG,
NHS2-FAYF,gily1242,song,y,Work,,,NHS2-FAYF,
NHS2-GN0J,gour1247,song,y,Dance,,,NHS2-GN0J,
NHS2-IPI1,gree1280,song,y,Lullaby,,,NHS2-IPI1,
NHS2-8OCR,gree1280,song,y,Mourning,,,NHS2-8OCR,
NHS2-L9T3,gree1280,song,y,Play,,,NHS2-L9T3,
NHS2-FOJU,gree1280,song,y,Story,,,NHS2-FOJU,
NHS2-49MA,gren1247,song,y,Dance,,,NHS2-49MA,
NHS2-ISYT,gren1247,song,y,Dance,,,NHS2-ISYT,
NHS2-ULTX,gren1247,song,y,Dance,,,NHS2-ULTX,
NHS2-ZX7S,gren1247,song,y,Dance,,,NHS2-ZX7S,
NHS2-8CML,gren1247,song,y,Lullaby,,,NHS2-8CML,
NHS2-9MP5,gren1247,song,y,Lullaby,,,NHS2-9MP5,
NHS2-P5OG,gren1247,song,y,Lullaby,,,NHS2-P5OG,
NHS2-D4UW,gren1247,song,y,Mourning,,,NHS2-D4UW,
NHS2-0NEA,gren1247,song,y,Play,,,NHS2-0NEA,
NHS2-DNKN,gren1247,song,y,Procession,,,NHS2-DNKN,
NHS2-8RLI,gren1247,song,y,Story,,,NHS2-8RLI,
NHS2-3NY3,guad1242,song,y,Dance,,,NHS2-3NY3,
NHS2-5AW1,guad1242,song,y,Dance,,,NHS2-5AW1,
NHS2-S1ZI,guad1242,song,y,Dance,,,NHS2-S1ZI,
NHS2-5FGZ,guad1242,song,y,Work,,,NHS2-5FGZ,
NHS2-765L,guan1269,song,y,Healing,,,NHS2-765L,
NHS2-YDIO,guer1241,song,y,Love,,,NHS2-YDIO,
NHS2-CQH0,guer1241,song,y,Lullaby,,,NHS2-CQH0,
NHS2-R2MC,gugu1254,song,y,Story,,,NHS2-R2MC,
NHS2-GN1C,guja1252,song,y,Dance,,,NHS2-GN1C,
NHS2-XBJ8,guja1252,song,y,Play,,,NHS2-XBJ8,
NHS2-L75M,gulf1241,song,y,Work,,,NHS2-L75M,
NHS2-BLMM,gunw1252,song,y,Story,,,NHS2-BLMM,
NHS2-XZS0,hadr1236,song,y,Procession,,,NHS2-XZS0,
NHS2-AMSU,hadr1236,song,y,Work,,,NHS2-AMSU,
NHS2-ELP3,haid1248,song,y,Lullaby,,,NHS2-ELP3,
NHS2-FUAL,hait1244,song,y,Dance,,,NHS2-FUAL,
NHS2-484H,hait1244,song,y,Love,,,NHS2-484H,
NHS2-MV8X,hait1244,song,y,Play,,,NHS2-MV8X,
NHS2-8LLJ,hanu1241,song,y,Lullaby,,,NHS2-8LLJ,
NHS2-G9MC,hanu1241,song,y,Work,,,NHS2-G9MC,
NHS2-SLI8,hass1238,song,y,Praise,,,NHS2-SLI8,
NHS2-R3J7,hass1238,song,y,Story,,,NHS2-R3J7,
NHS2-PLYB,hava1248,song,y,Mourning,,,NHS2-PLYB,
NHS2-9GA2,hawa1245,song,y,Dance,,,NHS2-9GA2,
NHS2-EXN7,hawa1245,song,y,Healing,,,NHS2-EXN7,
NHS2-PS37,hawa1245,song,y,Love,,,NHS2-PS37,
NHS2-AQF0,here1253,song,y,Praise,,,NHS2-AQF0,
NHS2-ZP5P,hima1250,song,y,Love,,,NHS2-ZP5P,
NHS2-19VX,hind1269,song,y,Love,,,NHS2-19VX,
NHS2-6CUN,hind1269,song,y,Story,,,NHS2-6CUN,
NHS2-YWOB,hind1269,song,y,Work,,,NHS2-YWOB,
NHS2-4EAD,hopi1249,song,y,Dance,,,NHS2-4EAD,
NHS2-E5T5,hopi1249,song,y,Lullaby,,,NHS2-E5T5,
NHS2-MQZS,hopi1249,song,y,Praise,,,NHS2-MQZS,
NHS2-QIQS,huau1238,song,y,Healing,,,NHS2-QIQS,
NHS2-UYG4,huic1243,song,y,Dance,,,NHS2-UYG4,
NHS2-VA7K,huic1243,song,y,Dance,,,NHS2-VA7K,
NHS2-XTHW,huic1243,song,y,Healing,,,NHS2-XTHW,
NHS2-3OER,huic1243,song,y,Love,,,NHS2-3OER,
NHS2-5W5A,huic1243,song,y,Procession,,,NHS2-5W5A,
NHS2-3RY9,huic1243,song,y,Work,,,NHS2-3RY9,
NHS2-E879,hung1274,song,y,Dance,,,NHS2-E879,
NHS2-IU31,hung1274,song,y,Lullaby,,,NHS2-IU31,
NHS2-I7H2,hung1274,song,y,Mourning,,,NHS2-I7H2,
NHS2-LVNB,hung1274,song,y,Mourning,,,NHS2-LVNB,
NHS2-YN1A,hung1274,song,y,Work,,,NHS2-YN1A,
NHS2-TLT0,icel1247,song,y,Lullaby,,,NHS2-TLT0,
NHS2-YQ2F,icel1247,song,y,Praise,,,NHS2-YQ2F,
NHS2-56NT,icel1247,song,y,Story,,,NHS2-56NT,
NHS2-Y7FV,indo1316,song,y,Dance,,,NHS2-Y7FV,
NHS2-LA7I,indo1316,song,y,Lullaby,,,NHS2-LA7I,
NHS2-1D5A,indo1317,song,y,Love,,,NHS2-1D5A,
NHS2-ACA2,iris1255,song,y,Story,,,NHS2-ACA2,
NHS2-LEIP,iris1255,song,y,Story,,,NHS2-LEIP,
NHS2-U14O,ital1282,song,y,Love,,,NHS2-U14O,
NHS2-JYNI,iumi1238,song,y,Procession,,,NHS2-JYNI,
NHS2-6CQJ,iwai1244,song,y,Love,,,NHS2-6CQJ,
NHS2-TGEC,ixil1251,song,y,Procession,,,NHS2-TGEC,
NHS2-29EL,jama1262,song,y,Play,,,NHS2-29EL,
NHS2-SNG1,jamb1236,song,y,Healing,,,NHS2-SNG1,
NHS2-79FC,jaun1243,song,y,Story,,,NHS2-79FC,
NHS2-RHD1,java1254,song,y,Play,,,NHS2-RHD1,
NHS2-Q655,jeha1242,song,y,Story,,,NHS2-Q655,
NHS2-CN26,jiva1245,song,y,Dance,,,NHS2-CN26,
NHS2-BJKN,jiva1245,song,y,Love,,,NHS2-BJKN,
NHS2-YLXK,jiva1245,song,y,Love,,,NHS2-YLXK,
NHS2-914A,jola1263,song,y,Praise,,,NHS2-914A,
NHS2-M6X4,jola1263,song,y,Procession,,,NHS2-M6X4,
NHS2-2UTZ,jola1263,song,y,Work,,,NHS2-2UTZ,
NHS2-UZLM,juho1239,song,y,Healing,,,NHS2-UZLM,
NHS2-CQFQ,juru1256,song,y,Lullaby,,,NHS2-CQFQ,
NHS2-GJ4X,kabi1260,song,y,Lullaby,,,NHS2-GJ4X,
NHS2-SG98,kach1277,song,y,Dance,,,NHS2-SG98,
NHS2-7YXU,kain1272,song,y,Mourning,,,NHS2-7YXU,
NHS2-1FS4,kala1377,song,y,Praise,,,NHS2-1FS4,
NHS2-NODK,kali1308,song,y,Healing,,,NHS2-NODK,
NHS2-56ZE,kali1308,song,y,Love,,,NHS2-56ZE,
NHS2-EVGH,kali1308,song,y,Lullaby,,,NHS2-EVGH,
NHS2-8NOH,kama1373,song,y,Story,,,NHS2-8NOH,
NHS2-A1WC,kamb1320,song,y,Procession,,,NHS2-A1WC,
NHS2-9GQR,kamb1320,song,y,Work,,,NHS2-9GQR,
NHS2-D04O,kamb1320,song,y,Work,,,NHS2-D04O,
NHS2-MTQX,kamb1320,song,y,Work,,,NHS2-MTQX,
NHS2-6SKT,kana1291,song,y,Play,,,NHS2-6SKT,
NHS2-LF3O,kara1467,song,y,Lullaby,,,NHS2-LF3O,
NHS2-QQ8E,kara1483,song,y,Play,,,NHS2-QQ8E,
NHS2-3U9L,kara1483,song,y,Procession,,,NHS2-3U9L,
NHS2-0ERR,kara1483,song,y,Work,,,NHS2-0ERR,
NHS2-LS5V,kara1484,song,y,Lullaby,,,NHS2-LS5V,
NHS2-IZWB,kara1500,song,y,Dance,,,NHS2-IZWB,
NHS2-AOIU,kara1500,song,y,Lullaby,,,NHS2-AOIU,
NHS2-X35A,kara1500,song,y,Lullaby,,,NHS2-X35A,
NHS2-D7UD,kash1274,song,y,Praise,,,NHS2-D7UD,
NHS2-TQBZ,kaul1240,song,y,Mourning,,,NHS2-TQBZ,
NHS2-3OQR,kaya1330,song,y,Praise,,,NHS2-3OQR,
NHS2-TL0L,kaya1330,song,y,Procession,,,NHS2-TL0L,
NHS2-P5JI,kaza1248,song,y,Story,,,NHS2-P5JI,
NHS2-ZTKY,kaza1248,song,y,Work,,,NHS2-ZTKY,
NHS2-OPGO,kekc1242,song,y,Lullaby,,,NHS2-OPGO,
NHS2-NRZX,kela1258,song,y,Love,,,NHS2-NRZX,
NHS2-13QA,kema1243,song,y,Mourning,,,NHS2-13QA,
NHS2-CJRT,kema1243,song,y,Procession,,,NHS2-CJRT,
NHS2-9W4T,kema1243,song,y,Story,,,NHS2-9W4T,
NHS2-CP41,kemi1239,song,y,Love,,,NHS2-CP41,
NHS2-66IN,kere1287,song,y,Dance,,,NHS2-66IN,
NHS2-XGAI,kere1287,song,y,Dance,,,NHS2-XGAI,
NHS2-MU8R,kiny1244,song,y,Love,,,NHS2-MU8R,
NHS2-IPO1,kiow1264,song,y,Lullaby,,,NHS2-IPO1,
NHS2-J5AX,kiow1266,song,y,Dance,,,NHS2-J5AX,
NHS2-BHQB,kiow1266,song,y,Lullaby,,,NHS2-BHQB,
NHS2-FM7L,kirg1245,song,y,Story,,,NHS2-FM7L,
NHS2-8QLU,kohi1250,song,y,Work,,,NHS2-8QLU,
NHS2-YJU7,komi1269,song,y,Story,,,NHS2-YJU7,
NHS2-JWTY,kore1280,song,y,Healing,,,NHS2-JWTY,
NHS2-ZWHJ,kore1280,song,y,Mourning,,,NHS2-ZWHJ,
NHS2-RCXO,kore1280,song,y,Praise,,,NHS2-RCXO,
NHS2-5THI,kore1280,song,y,Story,,,NHS2-5THI,
NHS2-IAY0,kore1280,song,y,Story,,,NHS2-IAY0,
NHS2-NQ2U,kore1280,song,y,Story,,,NHS2-NQ2U,
NHS2-U1QE,kore1280,song,y,Work,,,NHS2-U1QE,
NHS2-8HYJ,kory1246,song,y,Dance,,,NHS2-8HYJ,
NHS2-5HCI,kota1263,song,y,Praise,,,NHS2-5HCI,
NHS2-RFNO,koyo1242,song,y,Healing,,,NHS2-RFNO,
NHS2-YJW0,krah1246,song,y,Dance,,,NHS2-YJW0,
NHS2-5U0S,kuik1246,song,y,Dance,,,NHS2-5U0S,
NHS2-0OOB,kuik1246,song,y,Story,,,NHS2-0OOB,
NHS2-CRM7,kuik1246,song,y,Story,,,NHS2-CRM7,
NHS2-JIGG,kuik1246,song,y,Story,,,NHS2-JIGG,
NHS2-K4KT,kuik1246,song,y,Story,,,NHS2-K4KT,
NHS2-76SZ,kuma1280,song,y,Procession,,,NHS2-76SZ,
NHS2-2G3N,kups1238,song,y,Play,,,NHS2-2G3N,
NHS2-GQVS,kurd1259,song,y,Love,,,NHS2-GQVS,
NHS2-8TRZ,kwak1269,song,y,Healing,,,NHS2-8TRZ,
NHS2-OIRZ,kwak1269,song,y,Healing,,,NHS2-OIRZ,
NHS2-8QBW,kwak1269,song,y,Love,,,NHS2-8QBW,
NHS2-I0MN,kwak1269,song,y,Procession,,,NHS2-I0MN,
NHS2-SIPH,kwen1247,song,y,Lullaby,,,NHS2-SIPH,
NHS2-BBYW,ladi1251,song,y,Love,,,NHS2-BBYW,
NHS2-9BBL,lako1247,song,y,Healing,,,NHS2-9BBL,
NHS2-L84K,lala1264,song,y,Mourning,,,NHS2-L84K,
NHS2-P32P,laoo1244,song,y,Lullaby,,,NHS2-P32P,
NHS2-I79R,laoo1244,song,y,Story,,,NHS2-I79R,
NHS2-7NEZ,lard1243,song,y,Lullaby,,,NHS2-7NEZ,
NHS2-3DYT,latv1249,song,y,Dance,,,NHS2-3DYT,
NHS2-155V,latv1249,song,y,Lullaby,,,NHS2-155V,
NHS2-2UPM,less1242,song,y,Lullaby,,,NHS2-2UPM,
NHS2-MRNQ,less1242,song,y,Lullaby,,,NHS2-MRNQ,
NHS2-XIJR,lioo1240,song,y,Work,,,NHS2-XIJR,
NHS2-9HTB,lith1251,song,y,Lullaby,,,NHS2-9HTB,
NHS2-B7OB,lith1251,song,y,Lullaby,,,NHS2-B7OB,
NHS2-N9YG,lito1235,song,y,Lullaby,,,NHS2-N9YG,
NHS2-0DXY,lito1235,song,y,Play,,,NHS2-0DXY,
NHS2-C15J,lito1235,song,y,Play,,,NHS2-C15J,
NHS2-RCBL,lito1235,song,y,Play,,,NHS2-RCBL,
NHS2-UE7S,lowe1445,song,y,Play,,,NHS2-UE7S,
NHS2-6R84,lowg1239,song,y,Work,,,NHS2-6R84,
NHS2-2BT6,loya1239,song,y,Dance,,,NHS2-2BT6,
NHS2-I4V5,lozi1239,song,y,Dance,,,NHS2-I4V5,
NHS2-XWL8,luba1249,song,y,Procession,,,NHS2-XWL8,
NHS2-GDCE,lund1266,song,y,Healing,,,NHS2-GDCE,
NHS2-FUK5,mace1250,song,y,Dance,,,NHS2-FUK5,
NHS2-O9JH,macu1259,song,y,Work,,,NHS2-O9JH,
NHS2-NHW2,madi1260,song,y,Story,,,NHS2-NHW2,
NHS2-0BSK,magu1243,song,y,Love,,,NHS2-0BSK,
NHS2-K4B7,magu1243,song,y,Love,,,NHS2-K4B7,
NHS2-51BM,magu1243,song,y,Lullaby,,,NHS2-51BM,
NHS2-VGRT,magu1243,song,y,Lullaby,,,NHS2-VGRT,
NHS2-TN8J,magu1243,song,y,Story,,,NHS2-TN8J,
NHS2-6UVI,maha1287,song,y,Dance,,,NHS2-6UVI,
NHS2-MC84,maha1309,song,y,Dance,,,NHS2-MC84,
NHS2-VEE7,maka1311,song,y,Dance,,,NHS2-VEE7,
NHS2-RKZ9,maku1246,song,y,Work,,,NHS2-RKZ9,
NHS2-B0XT,mala1464,song,y,Dance,,,NHS2-B0XT,
NHS2-P77G,mala1464,song,y,Dance,,,NHS2-P77G,
NHS2-JOI6,mala1464,song,y,Love,,,NHS2-JOI6,
NHS2-TFPI,mala1464,song,y,Praise,,,NHS2-TFPI,
NHS2-BJS2,mala1464,song,y,Story,,,NHS2-BJS2,
NHS2-F36Z,mala1464,song,y,Story,,,NHS2-F36Z,
NHS2-2OS6,mand1415,song,y,Work,,,NHS2-2OS6,
NHS2-TXC2,mang1405,song,y,Procession,,,NHS2-TXC2,
NHS2-79XK,maor1246,song,y,Love,,,NHS2-79XK,
NHS2-CYTF,maor1246,song,y,Love,,,NHS2-CYTF,
NHS2-LDPM,maor1246,song,y,Love,,,NHS2-LDPM,
NHS2-MW5F,maor1246,song,y,Love,,,NHS2-MW5F,
NHS2-QX2Q,maor1246,song,y,Love,,,NHS2-QX2Q,
NHS2-VI5Q,maor1246,song,y,Love,,,NHS2-VI5Q,
NHS2-VQLP,maor1246,song,y,Love,,,NHS2-VQLP,
NHS2-G3HZ,maor1246,song,y,Lullaby,,,NHS2-G3HZ,
NHS2-LT6Y,maor1246,song,y,Lullaby,,,NHS2-LT6Y,
NHS2-MEUM,maor1246,song,y,Lullaby,,,NHS2-MEUM,
NHS2-ZEU0,maor1246,song,y,Lullaby,,,NHS2-ZEU0,
NHS2-0KOG,maor1246,song,y,Mourning,,,NHS2-0KOG,
NHS2-5XFO,maor1246,song,y,Mourning,,,NHS2-5XFO,
NHS2-L4AU,maor1246,song,y,Mourning,,,NHS2-L4AU,
NHS2-NVVR,maor1246,song,y,Mourning,,,NHS2-NVVR,
NHS2-RU8O,maor1246,song,y,Mourning,,,NHS2-RU8O,
NHS2-3JUS,maor1246,song,y,Work,,,NHS2-3JUS,
NHS2-863N,maor1246,song,y,Work,,,NHS2-863N,
NHS2-BGQZ,maor1246,song,y,Work,,,NHS2-BGQZ,
NHS2-KVWI,maor1246,song,y,Work,,,NHS2-KVWI,
NHS2-DGOE,mapu1245,song,y,Love,,,NHS2-DGOE,
NHS2-1S3V,maqu1238,song,y,Healing,,,NHS2-1S3V,
NHS2-BNQV,mara1378,song,y,Lullaby,,,NHS2-BNQV,
NHS2-I699,mari1278,song,y,Work,,,NHS2-I699,
NHS2-BM3C,mart1259,song,y,Dance,,,NHS2-BM3C,
NHS2-BMGH,masa1300,song,y,Dance,,,NHS2-BMGH,
NHS2-OTJS,maya1287,song,y,Dance,,,NHS2-OTJS,
NHS2-27QB,maya1287,song,y,Mourning,,,NHS2-27QB,
NHS2-Z8Q6,mayo1264,song,y,Dance,,,NHS2-Z8Q6,
NHS2-3ID0,maza1291,song,y,Story,,,NHS2-3ID0,
NHS2-WFE1,mbuk1240,song,y,Healing,,,NHS2-WFE1,
NHS2-1VEN,meit1246,song,y,Dance,,,NHS2-1VEN,
NHS2-9Y3G,meit1246,song,y,Praise,,,NHS2-9Y3G,
NHS2-I3RO,melp1238,song,y,Love,,,NHS2-I3RO,
NHS2-HUX8,meri1244,song,y,Praise,,,NHS2-HUX8,
NHS2-R2YS,meri1244,song,y,Work,,,NHS2-R2YS,
NHS2-UDOB,mezq1235,song,y,Play,,,NHS2-UDOB,
NHS2-GPDW,mika1239,song,y,Healing,,,NHS2-GPDW,
NHS2-PGOU,mika1239,song,y,Story,,,NHS2-PGOU,
NHS2-Z441,mika1239,song,y,Story,,,NHS2-Z441,
NHS2-KWD9,mikm1235,song,y,Love,,,NHS2-KWD9,
NHS2-TOVS,mikm1235,song,y,Praise,,,NHS2-TOVS,
NHS2-G8EZ,mina1268,song,y,Story,,,NHS2-G8EZ,
NHS2-V2MG,mina1268,song,y,Story,,,NHS2-V2MG,
NHS2-41ON,miri1266,song,y,Dance,,,NHS2-41ON,
NHS2-ATWM,misk1235,song,y,Story,,,NHS2-ATWM,
NHS2-O0LK,misk1235,song,y,Story,,,NHS2-O0LK,
NHS2-ROQE,mode1248,song,y,Dance,,,NHS2-ROQE,
NHS2-S58Q,mode1248,song,y,Dance,,,NHS2-S58Q,
NHS2-F3H4,mode1248,song,y,Love,,,NHS2-F3H4,
NHS2-E0EF,mode1248,song,y,Lullaby,,,NHS2-E0EF,
NHS2-TRIT,mode1248,song,y,Story,,,NHS2-TRIT,
NHS2-IKPC,mong1338,song,y,Dance,,,NHS2-IKPC,
NHS2-5ETJ,muri1262,song,y,Love,,,NHS2-5ETJ,
NHS2-PEN8,nama1264,song,y,Lullaby,,,NHS2-PEN8,
NHS2-2OZH,nana1257,song,y,Healing,,,NHS2-2OZH,
NHS2-5IXS,nana1257,song,y,Lullaby,,,NHS2-5IXS,
NHS2-8Z3Q,nana1257,song,y,Story,,,NHS2-8Z3Q,
NHS2-YH6E,nana1257,song,y,Work,,,NHS2-YH6E,
NHS2-7CEW,napo1241,song,y,Dance,,,NHS2-7CEW,
NHS2-JFOZ,naro1249,song,y,Healing,,,NHS2-JFOZ,
NHS2-OBH8,naro1249,song,y,Healing,,,NHS2-OBH8,
NHS2-TW9J,ndon1254,song,y,Love,,,NHS2-TW9J,
NHS2-USTD,nepa1254,song,y,Love,,,NHS2-USTD,
NHS2-NI78,ngon1269,song,y,Mourning,,,NHS2-NI78,
NHS2-GP6X,nias1242,song,y,Mourning,,,NHS2-GP6X,
NHS2-DGE5,nica1252,song,y,Story,,,NHS2-DGE5,
NHS2-R2EN,nica1252,song,y,Story,,,NHS2-R2EN,
NHS2-K9E6,niue1239,song,y,Play,,,NHS2-K9E6,
NHS2-VIBU,niue1239,song,y,Praise,,,NHS2-VIBU,
NHS2-LU0Q,nort2641,song,y,Story,,,NHS2-LU0Q,
NHS2-URYE,nort2646,song,y,Work,,,NHS2-URYE,
NHS2-Y6V2,nort2697,song,y,Love,,,NHS2-Y6V2,
NHS2-RSPL,nort2745,song,y,Lullaby,,,NHS2-RSPL,
NHS2-SE7M,nort2775,song,y,Lullaby,,,NHS2-SE7M,
NHS2-RCVU,nort2795,song,y,Procession,,,NHS2-RCVU,
NHS2-BBPJ,nort2935,song,y,Dance,,,NHS2-BBPJ,
NHS2-ED96,nort2935,song,y,Dance,,,NHS2-ED96,
NHS2-FLYQ,nort2935,song,y,Mourning,,,NHS2-FLYQ,
NHS2-404H,nort2943,song,y,Dance,,,NHS2-404H,
NHS2-JNHY,nort2943,song,y,Story,,,NHS2-JNHY,
NHS2-M7UO,nort2961,song,y,Healing,,,NHS2-M7UO,
NHS2-5BTW,nort2972,song,y,Healing,,,NHS2-5BTW,
NHS2-KSRM,nort2972,song,y,Healing,,,NHS2-KSRM,
NHS2-XU3K,nort3139,song,y,Mourning,,,NHS2-XU3K,
NHS2-ZU2O,nort3139,song,y,Mourning,,,NHS2-ZU2O,
NHS2-Z6NC,nort3233,song,y,Lullaby,,,NHS2-Z6NC,
NHS2-M2GB,norw1258,song,y,Dance,,,NHS2-M2GB,
NHS2-GT5R,norw1258,song,y,Lullaby,,,NHS2-GT5R,
NHS2-NOHR,norw1258,song,y,Lullaby,,,NHS2-NOHR,
NHS2-YJ7K,norw1258,song,y,Lullaby,,,NHS2-YJ7K,
NHS2-KLEM,norw1258,song,y,Mourning,,,NHS2-KLEM,
NHS2-AN4C,norw1258,song,y,Story,,,NHS2-AN4C,
NHS2-W3XP,norw1258,song,y,Work,,,NHS2-W3XP,
NHS2-18M3,nsen1242,song,y,Lullaby,,,NHS2-18M3,
NHS2-KR0Z,nsen1242,song,y,Mourning,,,NHS2-KR0Z,
NHS2-XAH8,nsen1242,song,y,Mourning,,,NHS2-XAH8,
NHS2-15NH,nsen1242,song,y,Work,,,NHS2-15NH,
NHS2-R269,nsen1242,song,y,Work,,,NHS2-R269,
NHS2-W0KE,nubi1251,song,y,Love,,,NHS2-W0KE,
NHS2-LCV6,nucl1235,song,y,Dance,,,NHS2-LCV6,
NHS2-XQPR,nucl1235,song,y,Dance,,,NHS2-XQPR,
NHS2-OW5R,nucl1235,song,y,Love,,,NHS2-OW5R,
NHS2-PBI3,nucl1235,song,y,Love,,,NHS2-PBI3,
NHS2-SIVT,nucl1301,song,y,Dance,,,NHS2-SIVT,
NHS2-A57S,nucl1302,song,y,Dance,,,NHS2-A57S,
NHS2-P36L,nucl1302,song,y,Dance,,,NHS2-P36L,
NHS2-43S3,nucl1302,song,y,Healing,,,NHS2-43S3,
NHS2-AMLT,nucl1302,song,y,Healing,,,NHS2-AMLT,
NHS2-IOK8,nucl1302,song,y,Healing,,,NHS2-IOK8,
NHS2-46GT,nucl1302,song,y,Love,,,NHS2-46GT,
NHS2-FY2K,nucl1302,song,y,Love,,,NHS2-FY2K,
NHS2-OFQP,nucl1302,song,y,Lullaby,,,NHS2-OFQP,
NHS2-1WCG,nucl1302,song,y,Mourning,,,NHS2-1WCG,
NHS2-6NQQ,nucl1302,song,y,Mourning,,,NHS2-6NQQ,
NHS2-JZ6W,nucl1302,song,y,Praise,,,NHS2-JZ6W,
NHS2-KEYP,nucl1302,song,y,Procession,,,NHS2-KEYP,
NHS2-M0AP,nucl1302,song,y,Story,,,NHS2-M0AP,
NHS2-1E7A,nucl1302,song,y,Work,,,NHS2-1E7A,
NHS2-HDCR,nucl1302,song,y,Work,,,NHS2-HDCR,
NHS2-SHDA,nucl1302,song,y,Work,,,NHS2-SHDA,
NHS2-TNEF,nucl1302,song,y,Work,,,NHS2-TNEF,
NHS2-WVCH,nucl1302,song,y,Work,,,NHS2-WVCH,
NHS2-1GVP,nucl1310,song,y,Praise,,,NHS2-1GVP,
NHS2-SGKE,nucl1347,song,y,Praise,,,NHS2-SGKE,
NHS2-Z178,nucl1643,song,y,Dance,,,NHS2-Z178,
NHS2-PFF9,nucl1643,song,y,Love,,,NHS2-PFF9,
NHS2-XD70,nucl1643,song,y,Play,,,NHS2-XD70,
NHS2-BLC6,nucl1643,song,y,Story,,,NHS2-BLC6,
NHS2-7XOX,nucl1643,song,y,Work,,,NHS2-7XOX,
NHS2-Z83P,nucl1643,song,y,Work,,,NHS2-Z83P,
NHS2-SIW1,nucl1649,song,y,Lullaby,,,NHS2-SIW1,
NHS2-706E,nucl1667,song,y,Mourning,,,NHS2-706E,
NHS2-VX6K,nuuc1236,song,y,Dance,,,NHS2-VX6K,
NHS2-7XBW,nyan1308,song,y,Lullaby,,,NHS2-7XBW,
NHS2-Y6R3,nyan1308,song,y,Play,,,NHS2-Y6R3,
NHS2-I71D,nyan1308,song,y,Procession,,,NHS2-I71D,
NHS2-F8W7,nyan1315,song,y,Lullaby,,,NHS2-F8W7,
NHS2-9ZG2,ojib1241,song,y,Dance,,,NHS2-9ZG2,
NHS2-4KJ4,okin1245,song,y,Love,,,NHS2-4KJ4,
NHS2-P4RY,oloo1241,song,y,Healing,,,NHS2-P4RY,
NHS2-GAOV,onaa1245,song,y,Dance,,,NHS2-GAOV,
NHS2-GL6J,onaa1245,song,y,Healing,,,NHS2-GL6J,
NHS2-SPEE,onaa1245,song,y,Lullaby,,,NHS2-SPEE,
NHS2-9HLO,onaa1245,song,y,Mourning,,,NHS2-9HLO,
NHS2-B94G,onaa1245,song,y,Mourning,,,NHS2-B94G,
NHS2-HWFE,onaa1245,song,y,Mourning,,,NHS2-HWFE,
NHS2-IZJ7,onaa1245,song,y,Mourning,,,NHS2-IZJ7,
NHS2-TVDK,onei1249,song,y,Story,,,NHS2-TVDK,
NHS2-12A9,onon1246,song,y,Dance,,,NHS2-12A9,
NHS2-JM0N,osse1245,song,y,Dance,,,NHS2-JM0N,
NHS2-WBRK,paiw1248,song,y,Procession,,,NHS2-WBRK,
NHS2-ZO18,pala1344,song,y,Mourning,,,NHS2-ZO18,
NHS2-2EKA,pala1344,song,y,Praise,,,NHS2-2EKA,
NHS2-8D26,pala1354,song,y,Love,,,NHS2-8D26,
NHS2-LQEP,pala1354,song,y,Story,,,NHS2-LQEP,
NHS2-BCPU,pali1279,song,y,Dance,,,NHS2-BCPU,
NHS2-7SRW,para1319,song,y,Love,,,NHS2-7SRW,
NHS2-KHKQ,pari1256,song,y,Mourning,,,NHS2-KHKQ,
NHS2-3LYX,pash1269,song,y,Love,,,NHS2-3LYX,
NHS2-RDF4,pash1269,song,y,Story,,,NHS2-RDF4,
NHS2-WY88,pawn1254,song,y,Healing,,,NHS2-WY88,
NHS2-EYBO,pawn1254,song,y,Love,,,NHS2-EYBO,
NHS2-KBLR,pawn1254,song,y,Story,,,NHS2-KBLR,
NHS2-DGJS,phen1239,song,y,Work,,,NHS2-DGJS,
NHS2-0OA3,piar1243,song,y,Work,,,NHS2-0OA3,
NHS2-BX0P,pieg1239,song,y,Healing,,,NHS2-BX0P,
NHS2-GNQV,piem1238,song,y,Lullaby,,,NHS2-GNQV,
NHS2-SF43,pipi1250,song,y,Dance,,,NHS2-SF43,
NHS2-D455,pitj1243,song,y,Dance,,,NHS2-D455,
NHS2-EIPU,pitj1243,song,y,Praise,,,NHS2-EIPU,
NHS2-G6Z0,pitj1243,song,y,Praise,,,NHS2-G6Z0,
NHS2-L177,poke1238,song,y,Mourning,,,NHS2-L177,
NHS2-E7QN,poke1238,song,y,Work,,,NHS2-E7QN,
NHS2-G82R,poli1260,song,y,Dance,,,NHS2-G82R,
NHS2-613U,port1283,song,y,Dance,,,NHS2-613U,
NHS2-56CV,port1283,song,y,Healing,,,NHS2-56CV,
NHS2-ALKM,port1283,song,y,Healing,,,NHS2-ALKM,
NHS2-F57Y,port1283,song,y,Healing,,,NHS2-F57Y,
NHS2-GBI2,port1283,song,y,Mourning,,,NHS2-GBI2,
NHS2-R4RL,port1283,song,y,Praise,,,NHS2-R4RL,
NHS2-E9PI,port1283,song,y,Procession,,,NHS2-E9PI,
NHS2-ERIP,port1283,song,y,Procession,,,NHS2-ERIP,
NHS2-G35E,port1283,song,y,Procession,,,NHS2-G35E,
NHS2-PC3P,port1283,song,y,Procession,,,NHS2-PC3P,
NHS2-0CKA,port1283,song,y,Work,,,NHS2-0CKA,
NHS2-1GHP,port1283,song,y,Work,,,NHS2-1GHP,
NHS2-42SL,pume1238,song,y,Healing,,,NHS2-42SL,
NHS2-B3BI,pura1257,song,y,Work,,,NHS2-B3BI,
NHS2-0CO2,pure1242,song,y,Love,,,NHS2-0CO2,
NHS2-2C5Q,pure1242,song,y,Love,,,NHS2-2C5Q,
NHS2-3XWB,pure1242,song,y,Love,,,NHS2-3XWB,
NHS2-0NMW,pure1242,song,y,Praise,,,NHS2-0NMW,
NHS2-QKS7,puyu1239,song,y,Work,,,NHS2-QKS7,
NHS2-SAZD,puyu1239,song,y,Work,,,NHS2-SAZD,
NHS2-1DCV,qawa1238,song,y,Love,,,NHS2-1DCV,
NHS2-VDWK,qawa1238,song,y,Love,,,NHS2-VDWK,
NHS2-1I26,qawa1238,song,y,Lullaby,,,NHS2-1I26,
NHS2-DI16,qawa1238,song,y,Play,,,NHS2-DI16,
NHS2-ZONP,qawa1238,song,y,Play,,,NHS2-ZONP,
NHS2-WAGM,qawa1238,song,y,Story,,,NHS2-WAGM,
NHS2-8J4L,quec1382,song,y,Healing,,,NHS2-8J4L,
NHS2-VDT8,raro1241,song,y,Story,,,NHS2-VDT8,
NHS2-5NE5,raro1242,song,y,Story,,,NHS2-5NE5,
NHS2-HOCY,roma1327,song,y,Dance,,,NHS2-HOCY,
NHS2-4KE5,roma1327,song,y,Mourning,,,NHS2-4KE5,
NHS2-9RD9,roma1327,song,y,Mourning,,,NHS2-9RD9,
NHS2-ALI7,roma1327,song,y,Mourning,,,NHS2-ALI7,
NHS2-M2TH,roma1327,song,y,Mourning,,,NHS2-M2TH,
NHS2-YG87,roma1327,song,y,Mourning,,,NHS2-YG87,
NHS2-BZJ0,roma1327,song,y,Procession,,,NHS2-BZJ0,
NHS2-SDPZ,roma1327,song,y,Story,,,NHS2-SDPZ,
NHS2-506Y,ruka1240,song,y,Love,,,NHS2-506Y,
NHS2-06FQ,russ1263,song,y,Dance,,,NHS2-06FQ,
NHS2-AO12,russ1263,song,y,Dance,,,NHS2-AO12,
NHS2-NA1E,russ1263,song,y,Healing,,,NHS2-NA1E,
NHS2-7TL9,russ1263,song,y,Love,,,NHS2-7TL9,
NHS2-EOY7,russ1263,song,y,Love,,,NHS2-EOY7,
NHS2-5S2Y,russ1263,song,y,Lullaby,,,NHS2-5S2Y,
NHS2-UBTJ,russ1263,song,y,Lullaby,,,NHS2-UBTJ,
NHS2-4IIR,russ1263,song,y,Mourning,,,NHS2-4IIR,
NHS2-1C8B,russ1263,song,y,Play,,,NHS2-1C8B,
NHS2-FMYE,russ1263,song,y,Play,,,NHS2-FMYE,
NHS2-UY25,russ1263,song,y,Play,,,NHS2-UY25,
NHS2-10S6,russ1263,song,y,Procession,,,NHS2-10S6,
NHS2-RNFL,russ1263,song,y,Procession,,,NHS2-RNFL,
NHS2-VLYL,russ1263,song,y,Story,,,NHS2-VLYL,
NHS2-ZVHE,russ1263,song,y,Work,,,NHS2-ZVHE,
NHS2-1MJA,russ1264,song,y,Dance,,,NHS2-1MJA,
NHS2-AJ1X,russ1264,song,y,Play,,,NHS2-AJ1X,
NHS2-Q6FQ,saam1281,song,y,Lullaby,,,NHS2-Q6FQ,
NHS2-DL2Z,sain1246,song,y,Dance,,,NHS2-DL2Z,
NHS2-18X6,samo1305,song,y,Dance,,,NHS2-18X6,
NHS2-JRP2,samo1305,song,y,Healing,,,NHS2-JRP2,
NHS2-4RW7,samo1305,song,y,Lullaby,,,NHS2-4RW7,
NHS2-5NO3,samo1305,song,y,Lullaby,,,NHS2-5NO3,
NHS2-8QYQ,samo1305,song,y,Lullaby,,,NHS2-8QYQ,
NHS2-CP78,samo1305,song,y,Lullaby,,,NHS2-CP78,
NHS2-R06P,samo1305,song,y,Lullaby,,,NHS2-R06P,
NHS2-RP29,samo1305,song,y,Lullaby,,,NHS2-RP29,
NHS2-V2UK,samo1305,song,y,Play,,,NHS2-V2UK,
NHS2-1BBL,samo1305,song,y,Praise,,,NHS2-1BBL,
NHS2-445H,samo1305,song,y,Praise,,,NHS2-445H,
NHS2-VRUD,samo1305,song,y,Praise,,,NHS2-VRUD,
NHS2-IE0N,sana1297,song,y,Story,,,NHS2-IE0N,
NHS2-3H55,sanb1242,song,y,Healing,,,NHS2-3H55,
NHS2-PX6B,sanb1242,song,y,Healing,,,NHS2-PX6B,
NHS2-2KUR,sanb1242,song,y,Lullaby,,,NHS2-2KUR,
NHS2-7HG1,sanb1242,song,y,Lullaby,,,NHS2-7HG1,
NHS2-E1MN,sanb1242,song,y,Lullaby,,,NHS2-E1MN,
NHS2-4ZIM,sara1340,song,y,Dance,,,NHS2-4ZIM,
NHS2-1EIA,sara1340,song,y,Story,,,NHS2-1EIA,
NHS2-S7PH,sara1340,song,y,Story,,,NHS2-S7PH,
NHS2-XNFH,sara1340,song,y,Story,,,NHS2-XNFH,
NHS2-KZ4O,sara1340,song,y,Work,,,NHS2-KZ4O,
NHS2-0ZIH,sard1257,song,y,Love,,,NHS2-0ZIH,
NHS2-6BT9,sard1257,song,y,Love,,,NHS2-6BT9,
NHS2-AOJA,sard1257,song,y,Love,,,NHS2-AOJA,
NHS2-ELN7,scot1245,song,y,Dance,,,NHS2-ELN7,
NHS2-719E,scot1245,song,y,Love,,,NHS2-719E,
NHS2-L24F,scot1245,song,y,Lullaby,,,NHS2-L24F,
NHS2-PUMI,scot1245,song,y,Lullaby,,,NHS2-PUMI,
NHS2-TMH3,scot1245,song,y,Praise,,,NHS2-TMH3,
NHS2-YXHK,selk1253,song,y,Love,,,NHS2-YXHK,
NHS2-179A,sene1264,song,y,Dance,,,NHS2-179A,
NHS2-PC0R,sene1264,song,y,Dance,,,NHS2-PC0R,
NHS2-PCBC,sene1264,song,y,Dance,,,NHS2-PCBC,
NHS2-2OQH,sene1264,song,y,Healing,,,NHS2-2OQH,
NHS2-7HRT,sene1264,song,y,Healing,,,NHS2-7HRT,
NHS2-5C46,sene1264,song,y,Mourning,,,NHS2-5C46,
NHS2-KQ7F,sene1264,song,y,Praise,,,NHS2-KQ7F,
NHS2-XJDQ,sene1264,song,y,Procession,,,NHS2-XJDQ,
NHS2-K1GM,seng1277,song,y,Dance,,,NHS2-K1GM,
NHS2-U16R,sepi1257,song,y,Healing,,,NHS2-U16R,
NHS2-HHEG,sera1259,song,y,Praise,,,NHS2-HHEG,
NHS2-DKIW,sera1259,song,y,Story,,,NHS2-DKIW,
NHS2-9F2W,serb1264,song,y,Dance,,,NHS2-9F2W,
NHS2-FSAQ,serb1264,song,y,Love,,,NHS2-FSAQ,
NHS2-7H7E,serb1264,song,y,Mourning,,,NHS2-7H7E,
NHS2-78JU,serb1264,song,y,Procession,,,NHS2-78JU,
NHS2-ZHRT,serb1264,song,y,Procession,,,NHS2-ZHRT,
NHS2-KPUS,serb1264,song,y,Work,,,NHS2-KPUS,
NHS2-6WJ2,seri1257,song,y,Healing,,,NHS2-6WJ2,
NHS2-U27X,seri1257,song,y,Lullaby,,,NHS2-U27X,
NHS2-S33R,seri1257,song,y,Procession,,,NHS2-S33R,
NHS2-9P04,ship1254,song,y,Lullaby,,,NHS2-9P04,
NHS2-1G5V,shua1257,song,y,Healing,,,NHS2-1G5V,
NHS2-V8OE,shua1257,song,y,Lullaby,,,NHS2-V8OE,
NHS2-M00Z,shug1248,song,y,Praise,,,NHS2-M00Z,
NHS2-JGOO,sici1248,song,y,Praise,,,NHS2-JGOO,
NHS2-8SSJ,siks1238,song,y,Dance,,,NHS2-8SSJ,
NHS2-JC95,siks1238,song,y,Lullaby,,,NHS2-JC95,
NHS2-CY4T,slov1268,song,y,Play,,,NHS2-CY4T,
NHS2-HELI,slov1269,song,y,Love,,,NHS2-HELI,
NHS2-U904,soga1242,song,y,Play,,,NHS2-U904,
NHS2-AFQQ,sora1254,song,y,Dance,,,NHS2-AFQQ,
NHS2-AXMQ,sora1254,song,y,Healing,,,NHS2-AXMQ,
NHS2-55W8,sora1254,song,y,Praise,,,NHS2-55W8,
NHS2-L9OE,sora1254,song,y,Praise,,,NHS2-L9OE,
NHS2-J22Q,sora1254,song,y,Story,,,NHS2-J22Q,
NHS2-LYTO,sora1254,song,y,Story,,,NHS2-LYTO,
NHS2-WXJ5,sora1254,song,y,Work,,,NHS2-WXJ5,
NHS2-PASM,sout2674,song,y,Dance,,,NHS2-PASM,
NHS2-UJ4Z,sout2807,song,y,Lullaby,,,NHS2-UJ4Z,
NHS2-ZRPA,sout2807,song,y,Work,,,NHS2-ZRPA,
NHS2-6NC7,sout2866,song,y,Play,,,NHS2-6NC7,
NHS2-GKCY,sout2866,song,y,Play,,,NHS2-GKCY,
NHS2-IVGT,sout2866,song,y,Play,,,NHS2-IVGT,
NHS2-8NAB,sout2866,song,y,Procession,,,NHS2-8NAB,
NHS2-4KKI,sout2922,song,y,Healing,,,NHS2-4KKI,
NHS2-4H1R,sout2991,song,y,Procession,,,NHS2-4H1R,
NHS2-AEWX,sout2996,song,y,Praise,,,NHS2-AEWX,
NHS2-CCP4,sout2996,song,y,Praise,,,NHS2-CCP4,
NHS2-085Q,sout2996,song,y,Procession,,,NHS2-085Q,
NHS2-FVGG,sout2996,song,y,Procession,,,NHS2-FVGG,
NHS2-S48T,sout2996,song,y,Procession,,,NHS2-S48T,
NHS2-BHB2,sout3184,song,y,Dance,,,NHS2-BHB2,
NHS2-3GZM,stan1288,song,y,Dance,,,NHS2-3GZM,
NHS2-5B0Y,stan1288,song,y,Dance,,,NHS2-5B0Y,
NHS2-BCK7,stan1288,song,y,Dance,,,NHS2-BCK7,
NHS2-HRC7,stan1288,song,y,Love,,,NHS2-HRC7,
NHS2-JL5D,stan1288,song,y,Love,,,NHS2-JL5D,
NHS2-60XM,stan1288,song,y,Lullaby,,,NHS2-60XM,
NHS2-9BBS,stan1288,song,y,Lullaby,,,NHS2-9BBS,
NHS2-FG2C,stan1288,song,y,Lullaby,,,NHS2-FG2C,
NHS2-J69Y,stan1288,song,y,Lullaby,,,NHS2-J69Y,
NHS2-MSYE,stan1288,song,y,Lullaby,,,NHS2-MSYE,
NHS2-PB4T,stan1288,song,y,Lullaby,,,NHS2-PB4T,
NHS2-X1WQ,stan1288,song,y,Lullaby,,,NHS2-X1WQ,
NHS2-Z96V,stan1288,song,y,Lullaby,,,NHS2-Z96V,
NHS2-ES3W,stan1288,song,y,Mourning,,,NHS2-ES3W,
NHS2-2YCF,stan1288,song,y,Play,,,NHS2-2YCF,
NHS2-4N10,stan1288,song,y,Play,,,NHS2-4N10,
NHS2-58Q4,stan1288,song,y,Play,,,NHS2-58Q4,
NHS2-6B0V,stan1288,song,y,Play,,,NHS2-6B0V,
NHS2-6RXG,stan1288,song,y,Play,,,NHS2-6RXG,
NHS2-EXGU,stan1288,song,y,Play,,,NHS2-EXGU,
NHS2-HMC7,stan1288,song,y,Play,,,NHS2-HMC7,
NHS2-IY3T,stan1288,song,y,Play,,,NHS2-IY3T,
NHS2-K4KN,stan1288,song,y,Play,,,NHS2-K4KN,
NHS2-MLGC,stan1288,song,y,Play,,,NHS2-MLGC,
NHS2-NQLQ,stan1288,song,y,Play,,,NHS2-NQLQ,
NHS2-XC4A,stan1288,song,y,Play,,,NHS2-XC4A,
NHS2-XRSU,stan1288,song,y,Play,,,NHS2-XRSU,
NHS2-YURR,stan1288,song,y,Play,,,NHS2-YURR,
NHS2-5BUU,stan1288,song,y,Praise,,,NHS2-5BUU,
NHS2-7J2N,stan1288,song,y,Praise,,,NHS2-7J2N,
NHS2-9TJI,stan1288,song,y,Praise,,,NHS2-9TJI,
NHS2-AD22,stan1288,song,y,Praise,,,NHS2-AD22,
NHS2-F27V,stan1288,song,y,Praise,,,NHS2-F27V,
NHS2-S6AP,stan1288,song,y,Praise,,,NHS2-S6AP,
NHS2-WLMB,stan1288,song,y,Praise,,,NHS2-WLMB,
NHS2-ZCTI,stan1288,song,y,Praise,,,NHS2-ZCTI,
NHS2-VP4E,stan1288,song,y,Procession,,,NHS2-VP4E,
NHS2-3WPM,stan1288,song,y,Story,,,NHS2-3WPM,
NHS2-4MSG,stan1288,song,y,Story,,,NHS2-4MSG,
NHS2-66UQ,stan1288,song,y,Story,,,NHS2-66UQ,
NHS2-AZDQ,stan1288,song,y,Story,,,NHS2-AZDQ,
NHS2-DW2U,stan1288,song,y,Story,,,NHS2-DW2U,
NHS2-EYN4,stan1288,song,y,Story,,,NHS2-EYN4,
NHS2-ONH7,stan1288,song,y,Story,,,NHS2-ONH7,
NHS2-OS0A,stan1288,song,y,Story,,,NHS2-OS0A,
NHS2-UOE5,stan1288,song,y,Story,,,NHS2-UOE5,
NHS2-KH0L,stan1290,song,y,Dance,,,NHS2-KH0L,
NHS2-V3L7,stan1290,song,y,Dance,,,NHS2-V3L7,
NHS2-JDTL,stan1290,song,y,Lullaby,,,NHS2-JDTL,
NHS2-OU7B,stan1290,song,y,Lullaby,,,NHS2-OU7B,
NHS2-ZJ3C,stan1290,song,y,Procession,,,NHS2-ZJ3C,
NHS2-2PWX,stan1290,song,y,Work,,,NHS2-2PWX,
NHS2-JEDY,stan1293,song,y,Love,,,NHS2-JEDY,
NHS2-YY9J,stan1293,song,y,Love,,,NHS2-YY9J,
NHS2-JYMK,stan1293,song,y,Mourning,,,NHS2-JYMK,
NHS2-1PUD,stan1293,song,y,Play,,,NHS2-1PUD,
NHS2-F1L8,stan1293,song,y,Play,,,NHS2-F1L8,
NHS2-J3ZC,stan1293,song,y,Play,,,NHS2-J3ZC,
NHS2-JD8G,stan1293,song,y,Procession,,,NHS2-JD8G,
NHS2-5IBT,stan1293,song,y,Story,,,NHS2-5IBT,
NHS2-VBI9,stan1293,song,y,Story,,,NHS2-VBI9,
NHS2-3370,stan1295,song,y,Lullaby,,,NHS2-3370,
NHS2-0NL4,stan1295,song,y,Story,,,NHS2-0NL4,
NHS2-QR1J,stan1295,song,y,Work,,,NHS2-QR1J,
NHS2-TTHU,stan1295,song,y,Work,,,NHS2-TTHU,
NHS2-TFM3,swat1243,song,y,Lullaby,,,NHS2-TFM3,
NHS2-R1O0,swed1254,song,y,Dance,,,NHS2-R1O0,
NHS2-NYZE,swed1254,song,y,Love,,,NHS2-NYZE,
NHS2-HJD6,swed1254,song,y,Play,,,NHS2-HJD6,
NHS2-24OH,taji1245,song,y,Dance,,,NHS2-24OH,
NHS2-7M2U,taji1245,song,y,Love,,,NHS2-7M2U,
NHS2-BPA8,taji1245,song,y,Love,,,NHS2-BPA8,
NHS2-P7C5,taji1245,song,y,Love,,,NHS2-P7C5,
NHS2-UJ0X,taji1245,song,y,Love,,,NHS2-UJ0X,
NHS2-VVZF,taji1245,song,y,Love,,,NHS2-VVZF,
NHS2-GGHC,tama1365,song,y,Love,,,NHS2-GGHC,
NHS2-IPN6,tama1365,song,y,Love,,,NHS2-IPN6,
NHS2-X86V,tama1365,song,y,Lullaby,,,NHS2-X86V,
NHS2-7RR9,tami1289,song,y,Lullaby,,,NHS2-7RR9,
NHS2-8XAP,tami1289,song,y,Lullaby,,,NHS2-8XAP,
NHS2-LG9Y,tami1289,song,y,Mourning,,,NHS2-LG9Y,
NHS2-OX4P,tami1289,song,y,Mourning,,,NHS2-OX4P,
NHS2-KEES,tang1348,song,y,Work,,,NHS2-KEES,
NHS2-QUO9,tawa1289,song,y,Praise,,,NHS2-QUO9,
NHS2-8GIQ,tebu1238,song,y,Lullaby,,,NHS2-8GIQ,
NHS2-4B7D,telu1262,song,y,Story,,,NHS2-4B7D,
NHS2-KFAU,temi1246,song,y,Healing,,,NHS2-KFAU,
NHS2-RJC6,temi1246,song,y,Healing,,,NHS2-RJC6,
NHS2-2NZO,tewa1260,song,y,Praise,,,NHS2-2NZO,
NHS2-JQTW,tiko1237,song,y,Dance,,,NHS2-JQTW,
NHS2-KIYM,tiko1237,song,y,Dance,,,NHS2-KIYM,
NHS2-DHAP,tiko1237,song,y,Mourning,,,NHS2-DHAP,
NHS2-K16P,tiko1237,song,y,Play,,,NHS2-K16P,
NHS2-6TYM,tiko1237,song,y,Story,,,NHS2-6TYM,
NHS2-T1CP,tlin1245,song,y,Dance,,,NHS2-T1CP,
NHS2-P426,tlin1245,song,y,Work,,,NHS2-P426,
NHS2-TFXV,toda1252,song,y,Procession,,,NHS2-TFXV,
NHS2-0DNB,toho1245,song,y,Dance,,,NHS2-0DNB,
NHS2-44DS,toho1245,song,y,Dance,,,NHS2-44DS,
NHS2-5W94,toho1245,song,y,Healing,,,NHS2-5W94,
NHS2-K39B,toho1245,song,y,Story,,,NHS2-K39B,
NHS2-WZ7J,toho1245,song,y,Story,,,NHS2-WZ7J,
NHS2-Y0IQ,tokp1240,song,y,Praise,,,NHS2-Y0IQ,
NHS2-MG6Y,tong1325,song,y,Dance,,,NHS2-MG6Y,
NHS2-VXRD,tong1325,song,y,Mourning,,,NHS2-VXRD,
NHS2-DTDM,tong1325,song,y,Play,,,NHS2-DTDM,
NHS2-QJ8L,tong1325,song,y,Play,,,NHS2-QJ8L,
NHS2-VZGV,tong1325,song,y,Play,,,NHS2-VZGV,
NHS2-T6S8,tosk1239,song,y,Praise,,,NHS2-T6S8,
NHS2-W62P,tosk1239,song,y,Praise,,,NHS2-W62P,
NHS2-DX7L,trio1238,song,y,Healing,,,NHS2-DX7L,
NHS2-HKI9,tshw1239,song,y,Healing,,,NHS2-HKI9,
NHS2-8FCW,tson1249,song,y,Work,,,NHS2-8FCW,
NHS2-3IQ4,tswa1253,song,y,Play,,,NHS2-3IQ4,
NHS2-C5L4,tswa1253,song,y,Play,,,NHS2-C5L4,
NHS2-56CF,tswa1253,song,y,Praise,,,NHS2-56CF,
NHS2-NPYD,tswa1253,song,y,Praise,,,NHS2-NPYD,
NHS2-MQEX,tuar1240,song,y,Lullaby,,,NHS2-MQEX,
NHS2-PCMH,tuar1240,song,y,Mourning,,,NHS2-PCMH,
NHS2-T2OE,tumb1250,song,y,Play,,,NHS2-T2OE,
NHS2-H187,tumb1250,song,y,Story,,,NHS2-H187,
NHS2-CRJW,tuni1259,song,y,Healing,,,NHS2-CRJW,
NHS2-SBII,tupi1276,song,y,Lullaby,,,NHS2-SBII,
NHS2-PSEZ,turk1304,song,y,Healing,,,NHS2-PSEZ,
NHS2-G277,tuvi1240,song,y,Healing,,,NHS2-G277,
NHS2-2ZO6,tuvi1240,song,y,Lullaby,,,NHS2-2ZO6,
NHS2-0NQ8,tuvi1240,song,y,Mourning,,,NHS2-0NQ8,
NHS2-KZJ0,tuvi1240,song,y,Praise,,,NHS2-KZJ0,
NHS2-P2A1,tzot1259,song,y,Dance,,,NHS2-P2A1,
NHS2-MGHC,udmu1245,song,y,Dance,,,NHS2-MGHC,
NHS2-UH4B,udmu1245,song,y,Love,,,NHS2-UH4B,
NHS2-ZHE1,udmu1245,song,y,Lullaby,,,NHS2-ZHE1,
NHS2-17SD,udmu1245,song,y,Mourning,,,NHS2-17SD,
NHS2-44OX,udmu1245,song,y,Play,,,NHS2-44OX,
NHS2-YG7G,uigh1240,song,y,Healing,,,NHS2-YG7G,
NHS2-MWH7,uigh1240,song,y,Love,,,NHS2-MWH7,
NHS2-33X8,ulit1238,song,y,Play,,,NHS2-33X8,
NHS2-UDQJ,ulit1238,song,y,Praise,,,NHS2-UDQJ,
NHS2-30HL,ulit1238,song,y,Procession,,,NHS2-30HL,
NHS2-IR7K,ulit1238,song,y,Story,,,NHS2-IR7K,
NHS2-D16Y,ulit1238,song,y,Work,,,NHS2-D16Y,
NHS2-O2X0,ulit1238,song,y,Work,,,NHS2-O2X0,
NHS2-9AU4,ulst1241,song,y,Story,,,NHS2-9AU4,
NHS2-LY5K,ulst1241,song,y,Story,,,NHS2-LY5K,
NHS2-64UT,ulst1241,song,y,Work,,,NHS2-64UT,
NHS2-QE86,vani1248,song,y,Story,,,NHS2-QE86,
NHS2-UO2B,vend1245,song,y,Play,,,NHS2-UO2B,
NHS2-WO9S,vend1245,song,y,Play,,,NHS2-WO9S,
NHS2-JJPZ,vend1245,song,y,Story,,,NHS2-JJPZ,
NHS2-T018,viet1252,song,y,Lullaby,,,NHS2-T018,
NHS2-ET5D,viet1252,song,y,Work,,,NHS2-ET5D,
NHS2-K0S3,vinc1243,song,y,Love,,,NHS2-K0S3,
NHS2-7TO4,wadj1254,song,y,Dance,,,NHS2-7TO4,
NHS2-0TA2,wala1272,song,y,Love,,,NHS2-0TA2,
NHS2-VP4X,wall1255,song,y,Dance,,,NHS2-VP4X,
NHS2-HMFN,waor1240,song,y,Story,,,NHS2-HMFN,
NHS2-XDF4,wara1303,song,y,Love,,,NHS2-XDF4,
NHS2-UXKZ,wara1303,song,y,Lullaby,,,NHS2-UXKZ,
NHS2-FBJU,warl1254,song,y,Procession,,,NHS2-FBJU,
NHS2-1O99,waya1269,song,y,Dance,,,NHS2-1O99,
NHS2-HXRM,waya1269,song,y,Dance,,,NHS2-HXRM,
NHS2-2RHZ,waya1269,song,y,Healing,,,NHS2-2RHZ,
NHS2-UWXD,waya1269,song,y,Love,,,NHS2-UWXD,
NHS2-25NZ,waya1269,song,y,Praise,,,NHS2-25NZ,
NHS2-2QZ5,wayu1243,song,y,Lullaby,,,NHS2-2QZ5,
NHS2-1EJJ,west2386,song,y,Love,,,NHS2-1EJJ,
NHS2-DSTK,west2386,song,y,Love,,,NHS2-DSTK,
NHS2-UL4E,west2458,song,y,Healing,,,NHS2-UL4E,
NHS2-ZW00,west2618,song,y,Dance,,,NHS2-ZW00,
NHS2-VXQK,west2618,song,y,Story,,,NHS2-VXQK,
NHS2-M0QV,west2721,song,y,Healing,,,NHS2-M0QV,
NHS2-WQYY,west2854,song,y,Story,,,NHS2-WQYY,
NHS2-V0ZT,wich1262,song,y,Dance,,,NHS2-V0ZT,
NHS2-ZLK3,wich1262,song,y,Dance,,,NHS2-ZLK3,
NHS2-6IKY,wich1262,song,y,Healing,,,NHS2-6IKY,
NHS2-KESR,wich1262,song,y,Mourning,,,NHS2-KESR,
NHS2-PJDT,wich1262,song,y,Mourning,,,NHS2-PJDT,
NHS2-A7EF,wika1238,song,y,Mourning,,,NHS2-A7EF,
NHS2-8WO9,wole1240,song,y,Healing,,,NHS2-8WO9,
NHS2-DNTO,wole1240,song,y,Healing,,,NHS2-DNTO,
NHS2-MZ0X,wole1240,song,y,Healing,,,NHS2-MZ0X,
NHS2-YWDM,wole1240,song,y,Healing,,,NHS2-YWDM,
NHS2-945J,wole1240,song,y,Love,,,NHS2-945J,
NHS2-JDU3,wole1240,song,y,Love,,,NHS2-JDU3,
NHS2-RSUK,wole1240,song,y,Love,,,NHS2-RSUK,
NHS2-T3VD,wole1240,song,y,Love,,,NHS2-T3VD,
NHS2-85GU,wole1240,song,y,Mourning,,,NHS2-85GU,
NHS2-G3FF,wole1240,song,y,Mourning,,,NHS2-G3FF,
NHS2-XTVF,wole1240,song,y,Mourning,,,NHS2-XTVF,
NHS2-EVMY,wole1240,song,y,Praise,,,NHS2-EVMY,
NHS2-FSVL,wole1240,song,y,Praise,,,NHS2-FSVL,
NHS2-FSYR,wole1240,song,y,Praise,,,NHS2-FSYR,
NHS2-NH07,wole1240,song,y,Praise,,,NHS2-NH07,
NHS2-PNXC,wole1240,song,y,Praise,,,NHS2-PNXC,
NHS2-SI3B,wole1240,song,y,Praise,,,NHS2-SI3B,
NHS2-UJC0,wole1240,song,y,Praise,,,NHS2-UJC0,
NHS2-UO3R,wole1240,song,y,Praise,,,NHS2-UO3R,
NHS2-VAAN,wole1240,song,y,Praise,,,NHS2-VAAN,
NHS2-YP5F,wole1240,song,y,Praise,,,NHS2-YP5F,
NHS2-02B5,wole1240,song,y,Story,,,NHS2-02B5,
NHS2-3QA7,wole1240,song,y,Story,,,NHS2-3QA7,
NHS2-HMPO,wole1240,song,y,Story,,,NHS2-HMPO,
NHS2-IEJB,wole1240,song,y,Story,,,NHS2-IEJB,
NHS2-JP5C,wole1240,song,y,Story,,,NHS2-JP5C,
NHS2-W025,wole1240,song,y,Story,,,NHS2-W025,
NHS2-E2BN,woro1258,song,y,Dance,,,NHS2-E2BN,
NHS2-BATN,worr1236,song,y,Love,,,NHS2-BATN,
NHS2-QFKF,worr1236,song,y,Story,,,NHS2-QFKF,
NHS2-EOE6,worr1237,song,y,Dance,,,NHS2-EOE6,
NHS2-5D0K,wuna1249,song,y,Story,,,NHS2-5D0K,
NHS2-DJGN,wuna1249,song,y,Story,,,NHS2-DJGN,
NHS2-06LY,wuzl1236,song,y,Dance,,,NHS2-06LY,
NHS2-V7CJ,xakr1238,song,y,Story,,,NHS2-V7CJ,
NHS2-NI7X,xhos1239,song,y,Dance,,,NHS2-NI7X,
NHS2-4BXQ,xhos1239,song,y,Love,,,NHS2-4BXQ,
NHS2-8LF0,xhos1239,song,y,Love,,,NHS2-8LF0,
NHS2-59RG,xhos1239,song,y,Lullaby,,,NHS2-59RG,
NHS2-PN13,xhos1239,song,y,Lullaby,,,NHS2-PN13,
NHS2-0Q6G,xhos1239,song,y,Praise,,,NHS2-0Q6G,
NHS2-UPIC,xhos1239,song,y,Praise,,,NHS2-UPIC,
NHS2-UELN,xhos1239,song,y,Procession,,,NHS2-UELN,
NHS2-6JVA,xhos1239,song,y,Work,,,NHS2-6JVA,
NHS2-50PO,yaka1272,song,y,Story,,,NHS2-50PO,
NHS2-NE2L,yaku1245,song,y,Mourning,,,NHS2-NE2L,
NHS2-CLZB,yaku1245,song,y,Play,,,NHS2-CLZB,
NHS2-YVEE,yaku1245,song,y,Story,,,NHS2-YVEE,
NHS2-X0I4,yami1254,song,y,Story,,,NHS2-X0I4,
NHS2-OP3Q,yano1262,song,y,Story,,,NHS2-OP3Q,
NHS2-42U2,yaoo1241,song,y,Lullaby,,,NHS2-42U2,
NHS2-5KU4,yape1248,song,y,Dance,,,NHS2-5KU4,
NHS2-9Y4I,yape1248,song,y,Dance,,,NHS2-9Y4I,
NHS2-YLEN,yape1248,song,y,Dance,,,NHS2-YLEN,
NHS2-N13N,yape1248,song,y,Healing,,,NHS2-N13N,
NHS2-K2OH,yape1248,song,y,Lullaby,,,NHS2-K2OH,
NHS2-JCFF,yape1248,song,y,Procession,,,NHS2-JCFF,
NHS2-SCB2,yape1248,song,y,Procession,,,NHS2-SCB2,
NHS2-1SJM,yape1248,song,y,Story,,,NHS2-1SJM,
NHS2-6IWA,yape1248,song,y,Story,,,NHS2-6IWA,
NHS2-EZD1,yape1248,song,y,Work,,,NHS2-EZD1,
NHS2-KOWN,yape1248,song,y,Work,,,NHS2-KOWN,
NHS2-DE8R,yaqu1251,song,y,Dance,,,NHS2-DE8R,
NHS2-PKDR,yaqu1251,song,y,Dance,,,NHS2-PKDR,
NHS2-O8KV,yawa1261,song,y,Dance,,,NHS2-O8KV,
NHS2-K74G,yawa1261,song,y,Healing,,,NHS2-K74G,
NHS2-A0SS,yawa1261,song,y,Story,,,NHS2-A0SS,
NHS2-BUR0,yuca1254,song,y,Healing,,,NHS2-BUR0,
NHS2-3EPZ,yuul1239,song,y,Dance,,,NHS2-3EPZ,
NHS2-KIWV,yuul1239,song,y,Dance,,,NHS2-KIWV,
NHS2-TLF3,yuul1239,song,y,Dance,,,NHS2-TLF3,
NHS2-SCTO,zezu1238,song,y,Work,,,NHS2-SCTO,
NHS2-60WA,zulu1248,song,y,Love,,,NHS2-60WA,
NHS2-IO1X,zulu1248,song,y,Love,,,NHS2-IO1X,
NHS2-UF4Y,zulu1248,song,y,Love,,,NHS2-UF4Y,
NHS2-KAEC,zulu1248,song,y,Lullaby,,,NHS2-KAEC,
NHS2-3MPW,zuni1245,song,y,Dance,,,NHS2-3MPW,
NHS2-RSEC,zuni1245,song,y,Lullaby,,,NHS2-RSEC,
